controller,hour,load,pv,wind,generatorPower,batteryPower,soc,fuelRemaining,unserved,criticalUnserved,curtailed
Tuned rules,0,83.32464716129005,0,27.563030554074775,0,55.761616607215274,50.30552379234409,16000,0,0,0
Tuned rules,1,84.1249842838985,0,20.367268405794643,0,63.75771587810385,33.503890410286544,16000,0,0,0
Tuned rules,2,83.02002791425608,0,35.228576114480425,48,-0.2085482002243566,33.55335195888438,15982.96,0,0,0
Tuned rules,3,82.02509642282396,0,53.877839914505806,48,-19.85274349168185,38.26184350164428,15965.919999999998,0,0,0
Tuned rules,4,83.30844106720329,0,35.10843535787145,100,-51.79999429066817,50.5472908573115,15930.419999999998,0,0,0
Tuned rules,5,83.3860207734376,0,35.98301136652507,100,-52.59699059308747,63.021762483157005,15894.919999999998,0,0,0
Tuned rules,6,83.50778617398058,17.922195360949186,36.21744784220449,100,-70.63185702917312,79.77357825162409,15859.419999999998,0,0,0
Tuned rules,7,88.94260823652493,35.83034594362701,47.32201114017809,100,-64.20023111892148,95,15823.919999999998,0,0,30.009517728358688
Tuned rules,8,88.07097610167037,53.392611134686504,66.9047053348327,0,0,95,15823.919999999998,0,0,32.226340367848834
Tuned rules,9,88.24047940571562,66.9254507214739,66.14190694881069,0,0,95,15823.919999999998,0,0,44.826878264568975
Tuned rules,10,90.02114762932906,72.61874410479166,36.5965638302167,0,0,95,15823.919999999998,0,0,19.19416030567929
Tuned rules,11,89.34862187346911,80.91871833394806,49.553492671499086,0,0,95,15823.919999999998,0,0,41.12358913197804
Tuned rules,12,88.88679363724779,84.83015394445496,60.81752620259322,0,0,95,15823.919999999998,0,0,56.7608865098004
Tuned rules,13,89.53854875692497,81.15272981951797,50.73166460202266,0,0,95,15823.919999999998,0,0,42.345845664615666
Tuned rules,14,90.90721333099549,71.52858986281792,31.41329400826028,0,0,95,15823.919999999998,0,0,12.034670540082715
Tuned rules,15,90.58004819144297,63.10077039638032,37.68425568429976,0,0,95,15823.919999999998,0,0,10.2049778892371
Tuned rules,16,89.35723620998948,52.928621727628524,61.27284601881437,0,0,95,15823.919999999998,0,0,24.844231536453407
Tuned rules,17,88.84168551307627,37.73757347678979,75.1582894018394,0,0,95,15823.919999999998,0,0,24.054177365552917
Tuned rules,18,87.29346096891203,20.571756995158914,90,0,0,95,15823.919999999998,0,0,23.278296026246892
Tuned rules,19,89.14656377592934,1.0673384966318968e-14,73.28680005388713,0,15.859763722042189,90.82058529051976,15823.919999999998,0,0,0
Tuned rules,20,88.25883450052092,0,90,0,-1.7411654994790808,91.23353894764415,15823.919999999998,0,0,0
Tuned rules,21,89.59842243524272,0,67.88201911186302,0,21.71640332337971,85.51076419024999,15823.919999999998,0,0,0
Tuned rules,22,91.12651310405573,0,41.14129469451978,0,49.98521840953595,72.33850256399059,15823.919999999998,0,0,0
Tuned rules,23,86.65675978232554,0,22.486149806672067,0,64.17060997565346,55.42806203354167,15823.919999999998,0,0,0
Tuned rules,24,87.02281801824608,0,19.743012202432148,0,67.27980581581394,37.69827645755708,15823.919999999998,0,0,0
Tuned rules,25,86.59582977957534,0,25.14595917811576,100,-38.55012939854042,46.84124243207743,15788.419999999998,0,0,0
Tuned rules,26,87.53044494812701,0,16.712306627821594,100,-29.181861679694578,53.76232862746407,15752.919999999998,0,0,0
Tuned rules,27,86.9915224107576,0,22.64871572747249,100,-35.657193316714896,62.21917456619552,15717.419999999998,0,0,0
Tuned rules,28,88.13653646944269,0,13.148692937698236,100,-25.01215646825554,68.15132833861057,15681.919999999998,0,0,0
Tuned rules,29,88.11124543087162,0,13.885029164770232,100,-25.77378373389861,74.26411787758947,15646.419999999998,0,0,0
Tuned rules,30,87.45211976453339,9.9668278703453,20.198267467354984,100,-42.71297557316689,84.39438951166522,15610.919999999998,0,0,0
Tuned rules,31,94.58721640034706,18.613782641339085,11.435443067785263,100,-35.4620093087773,92.80494349830244,15575.419999999998,0,0,0
Tuned rules,32,93.59914612509431,28.098797983591712,19.977039914677473,0,45.52330822682512,80.80849844641506,15575.419999999998,0,0,0
Tuned rules,33,91.82152979070997,38.15283225284486,43.565512785227035,0,10.103184752638072,78.14607549309663,15575.419999999998,0,0,0
Tuned rules,34,91.76835825068338,44.35091844987105,45.28249598888997,0,2.134943811922355,77.58346839958357,15575.419999999998,0,0,0
Tuned rules,35,90.2087034683059,51.417424150269845,77.84166538446426,0,-39.0503860664282,86.8450806604948,15575.419999999998,0,0,0
Tuned rules,36,88.6050934131969,56.54107796036994,90,0,-34.38415899705649,95,15575.419999999998,0,0,23.551825550116547
Tuned rules,37,90.05610983645757,52.801165125076906,83.50695053354676,0,0,95,15575.419999999998,0,0,46.25200582216608
Tuned rules,38,89.84193125263158,49.65566967116675,89.85014378430328,0,0,95,15575.419999999998,0,0,49.663882202838465
Tuned rules,39,89.90070454469074,43.40453689838797,89.00541733185703,0,0,95,15575.419999999998,0,0,42.509249685554266
Tuned rules,40,88.91442921368863,36.26178591276803,90,0,0,95,15575.419999999998,0,0,37.3473566990794
Tuned rules,41,89.79387582340706,24.679912443293915,90,0,0,95,15575.419999999998,0,0,24.886036619886852
Tuned rules,42,89.5241265825828,12.908360870374302,90,0,0,95,15575.419999999998,0,0,13.384234287791514
Tuned rules,43,88.7699798014487,7.37783047131242e-15,90,0,0,95,15575.419999999998,0,0,1.2300201985513155
Tuned rules,44,89.99384389496683,0,88.13378177024045,0,1.860062124726383,94.50983059137104,15575.419999999998,0,0,0
Tuned rules,45,90.8503452264963,0,67.55165740102981,0,23.298687825466487,88.37008725622857,15575.419999999998,0,0,0
Tuned rules,46,91.73974905848775,0,49.77516842020175,0,41.964580638285994,77.31144926699638,15575.419999999998,0,0,0
Tuned rules,47,87.27615526888275,0,26.944006518468136,0,60.33214875041461,61.41253208504707,15575.419999999998,0,0,0
Tuned rules,48,86.29784959029035,0,40.00369521202881,0,46.294154378261545,49.212951236150175,15575.419999999998,0,0,0
Tuned rules,49,86.63813508204103,0,34.669542548538764,0,51.96859253350227,35.51802463622622,15575.419999999998,0,0,0
Tuned rules,50,87.90467774660124,0,19.51641490097586,100,-31.611737154374623,43.01540640140574,15539.919999999998,0,0,0
Tuned rules,51,88.76671320084856,0,12.160986008446052,100,-23.394272807597503,48.563845372057,15504.419999999998,0,0,0
Tuned rules,52,88.77509462260088,0,11.850415067078492,100,-23.07532044447761,54.036638147766865,15468.919999999998,0,0,0
Tuned rules,53,87.51768575689972,0,22.28829312017397,100,-34.77060736327425,62.2832117649195,15433.419999999998,0,0,0
Tuned rules,54,87.69724843315274,11.833522907803294,20.018021063396517,100,-44.15429553804708,72.7553224434524,15397.919999999998,0,0,0
Tuned rules,55,93.0558970146844,23.828448180980565,26.32896925259901,100,-57.10152041889518,86.29813712212646,15362.419999999998,0,0,0
Tuned rules,56,94.24757747649645,32.72387915624302,14.30213952062132,0,47.221558799632106,73.85416374959279,15362.419999999998,0,0,0
Tuned rules,57,92.7079462748905,44.01376127100784,29.158006287520053,0,19.536178716362613,68.70592862294191,15362.419999999998,0,0,0
Tuned rules,58,92.2368619215297,51.96404019670223,34.55314899638953,0,5.719672728437942,67.19866251522411,15362.419999999998,0,0,0
Tuned rules,59,92.58547820805893,55.73271866577648,29.0570201906465,0,7.795739351635945,65.14430481554295,15362.419999999998,0,0,0
Tuned rules,60,94.02459750075374,54.107896799941614,14.009431953999036,0,25.907268746813088,58.31714004937416,15362.419999999998,0,0,0
Tuned rules,61,92.25371755594091,57.06488541420561,31.423960960181905,0,3.7648711815533886,57.32500938013766,15362.419999999998,0,0,0
Tuned rules,62,90.99013966664684,55.72506577266228,49.67489389631152,0,-14.409820002326953,60.742598271168106,15362.419999999998,0,0,0
Tuned rules,63,90.91766438079907,48.77117722180515,49.490860396947745,0,-7.344373237953818,62.484469327542094,15362.419999999998,0,0,0
Tuned rules,64,91.75291791405644,37.85108234512852,34.855437188603986,0,19.046398380323936,57.46530265214497,15362.419999999998,0,0,0
Tuned rules,65,91.44498207236725,26.79200962968821,38.013747532909356,0,26.639224909769695,50.44525050078116,15362.419999999998,0,0,0
Tuned rules,66,90.85477395540782,14.13093617891562,45.91227764911799,0,30.811560127374214,42.32569147863697,15362.419999999998,0,0,0
Tuned rules,67,92.39769920761393,7.359634703638541e-15,23.407510062310156,100,-31.00981085469624,49.68031388702593,15326.919999999998,0,0,0
Tuned rules,68,90.54875215659632,0,47.802917018749206,100,-57.25416486215289,63.259331374164695,15291.419999999998,0,0,0
Tuned rules,69,91.95089102659543,0,26.153500789781695,100,-34.202609763186274,71.37119253218326,15255.919999999998,0,0,0
Tuned rules,70,90.55558637894246,0,44.182981421321614,100,-53.62739504237915,84.09004603084877,15220.419999999998,0,0,0
Tuned rules,71,85.72427350603448,0,26.318011287835333,100,-40.593737781800854,93.71769629060792,15184.919999999998,0,0,0
Tuned rules,72,84.19273969155438,0,46.621168434775655,0,37.571571256778725,83.81671792037994,15184.919999999998,0,0,0
Tuned rules,73,85.14349687476306,0,30.725683624043032,0,54.41781325072003,69.47636499054938,15184.919999999998,0,0,0
Tuned rules,74,85.08776476378776,0,29.974593809154236,0,55.113170954633524,54.95276921630952,15184.919999999998,0,0,0
Tuned rules,75,86.39420745130201,0,15.27699560575646,0,71.11721184554555,36.21173836025696,15184.919999999998,0,0,0
Tuned rules,76,87.75731961284922,0,6.1342695314433415,100,-18.37694991859412,40.57021472447721,15149.419999999998,0,0,0
Tuned rules,77,88.09384875779438,0,4.332236202931622,100,-16.23838744513725,44.421486463595926,15113.919999999998,0,0,0
Tuned rules,78,88.78748222818461,12.772963529596945,2.0594512562853664,100,-26.044932557697692,50.598584592680886,15078.419999999998,0,0,0
Tuned rules,79,94.54126712444338,25.296587360328765,2.3355011652754283,100,-33.09082140116081,58.44676198819433,15042.919999999998,0,0,0
Tuned rules,80,95.32177849196995,35.27614928274826,0.8035337471387078,100,-40.757904537917,68.1133478128591,15007.419999999998,0,0,0
Tuned rules,81,94.16130446434859,46.779575073050665,2.6567138090316162,100,-55.274984417733705,81.2229614421357,14971.919999999998,0,0,0
Tuned rules,82,94.0837973381075,54.34150281698738,2.5388122211113817,100,-58.08909500641689,95,14936.419999999998,0,0,4.707422693574365
Tuned rules,83,92.63993089110721,62.73224417692197,7.340808785599429,0,22.56687792858581,89.05310550555718,14936.419999999998,0,0,0
Tuned rules,84,93.88387340848485,61.39976084662626,2.415436392431507,0,30.06867616942708,81.12931359543913,14936.419999999998,0,0,0
Tuned rules,85,92.06281876139406,64.78759669692874,9.083875941142974,0,18.191346123322333,76.33547297425805,14936.419999999998,0,0,0
Tuned rules,86,91.07620122534763,62.48577236347385,14.97283562427894,0,13.617593237594846,72.7469220675492,14936.419999999998,0,0,0
Tuned rules,87,91.60095780775008,39.517613588969276,10.345785814969702,0,41.7375584038111,61.74810969002047,14936.419999999998,0,0,0
Tuned rules,88,90.11800508574052,33.52305322377782,21.381218331876493,0,35.2137335300862,52.46847611724432,14936.419999999998,0,0,0
Tuned rules,89,90.95704346620352,22.748373406914965,13.013210453250865,0,55.19545960603769,37.92319537933606,14936.419999999998,0,0,0
Tuned rules,90,92.03038441163048,11.261281049118422,6.089745014937617,100,-25.320641652425564,43.92851283723063,14900.919999999998,0,0,0
Tuned rules,91,92.00634161870302,6.240432485987439e-15,5.66538837329831,100,-13.659046754595295,47.16804021807454,14865.419999999998,0,0,0
Tuned rules,92,92.7469933721315,0,2.766233805029174,100,-10.019240432897675,49.54431173253514,14829.919999999998,0,0,0
Tuned rules,93,94.23135432024357,0,0.34104535736406594,100,-6.109691037120498,50.99335219332644,14794.419999999998,0,0,0
Tuned rules,94,95.36627918046474,0,0.0032245592946922807,100,-4.6369453788299495,52.09310035204355,14758.919999999998,0,0,0
Tuned rules,95,88.2294352163467,0,0.21132457824374598,100,-11.981889361897046,54.93485493122377,14723.419999999998,0,0,0
Tuned rules,96,86.47224911733116,0,2.283744878972175,100,-15.811495761641012,58.68488041779008,14687.919999999998,0,0,0
Tuned rules,97,84.75168488091671,0,8.27822146437246,100,-23.52653658345575,64.2646884972148,14652.419999999998,0,0,0
Tuned rules,98,86.0777009190887,0,2.6935897643297513,100,-16.61588884524106,68.20549255465082,14616.919999999998,0,0,0
Tuned rules,99,86.76625523234708,0,1.1278330882491925,100,-14.361577855902112,71.61163981603742,14581.419999999998,0,0,0
Tuned rules,100,85.64300797578524,0,3.291745694386473,100,-17.64873771860124,75.7974054923652,14545.919999999998,0,0,0
Tuned rules,101,84.10651976843164,0,9.486755416648716,100,-25.38023564821708,81.81685690737766,14510.419999999998,0,0,0
Tuned rules,102,84.90254755514869,12.601011545252543,5.112585978238135,100,-32.81104996834199,89.59868068149437,14474.919999999998,0,0,0
Tuned rules,103,90.62692914993326,24.962563215939298,5.838066720746644,0,59.82629921324732,73.83306655711095,14474.919999999998,0,0,0
Tuned rules,104,90.23708304334366,36.59187841869603,7.189853545108735,0,46.4553510795389,61.59100664760221,14474.919999999998,0,0,0
Tuned rules,105,90.9161320753669,44.99222157026463,4.029624790127831,0,41.89428571497444,50.55089299717097,14474.919999999998,0,0,0
Tuned rules,106,92.025073497384,49.965943386562934,1.2084564273948741,0,40.850673683426194,39.785795264510384,14474.919999999998,0,0,0
Tuned rules,107,91.289152662877,55.928189039228464,2.4662096077638314,48,-15.1052459841153,43.36831890902908,14457.879999999997,0,0,0
Tuned rules,108,89.94055657138168,60.63442793687705,6.94330457008002,48,-25.6371759355754,49.44870906384481,14440.839999999997,0,0,0
Tuned rules,109,90.86900940667954,57.43970131161234,3.1484164287623555,48,-17.719108333695146,53.651164596975875,14423.799999999996,0,0,0
Tuned rules,110,90.57836221375463,53.94803873647694,3.802692036203074,48,-15.172368558925385,57.249607757905686,14406.759999999995,0,0,0
Tuned rules,111,91.96399066150826,30.883988045011694,0.7820738344906635,60,0.2979287820058971,57.171096630267485,14386.719999999994,0,0,0
Tuned rules,112,92.97337960780047,23.84069045345105,0.09045518539631642,60,9.042233968953099,54.78825875709782,14366.679999999993,0,0,0
Tuned rules,113,91.15476491645362,17.948284638088126,1.8193507237518598,60,11.387129554613637,51.78748664009799,14346.639999999992,0,0,0
Tuned rules,114,92.55674986016811,8.783168674383768,0.19467478428682955,60,23.578906401497505,45.5738992263766,14326.599999999991,0,0,0
Tuned rules,115,92.28561657487973,4.922448941485468e-15,0.3080295735360976,60,31.977587001343622,37.14706514300662,14306.55999999999,0,0,0
Tuned rules,116,91.8539982039627,0,0.6003560187500958,100,-8.746357814787387,39.22144603742222,14271.05999999999,0,0,0
Tuned rules,117,90.10942707292313,0,4.024841306852633,100,-13.91541423392951,42.521776304718045,14235.55999999999,0,0,0
Tuned rules,118,90.47744179867905,0,2.8128030413846274,100,-12.335361242705574,45.44736410131165,14200.05999999999,0,0,0
Tuned rules,119,85.40828236916835,0,0.9623620980912723,100,-15.554079728922929,49.13633801515546,14164.55999999999,0,0,0
Tuned rules,120,84.14678642551702,0,3.5693813539476418,100,-19.422594928430627,53.742810868506155,14129.05999999999,0,0,0
Tuned rules,121,83.26232630232482,0,6.920583547432749,100,-23.658257245107933,59.353859245860264,14093.55999999999,0,0,0
Tuned rules,122,83.27769593203011,0,6.749617528716305,100,-23.471921596686187,64.9207142438421,14058.05999999999,0,0,0
Tuned rules,123,83.05583805116933,0,7.766834151289358,100,-24.710996100120028,70.7814415634359,14022.55999999999,0,0,0
Tuned rules,124,81.97127240143837,0,14.743713077390257,100,-32.772440675951884,78.55410833984261,13987.05999999999,0,0,0
Tuned rules,125,83.35448890194654,0,6.246977172831545,100,-22.89248827088501,83.98353865819409,13951.55999999999,0,0,0
Tuned rules,126,84.21437302215334,6.257705265044665,3.1341960699688225,100,-25.177528312860147,89.95491380734518,13916.05999999999,0,0,0
Tuned rules,127,91.35730951456429,11.82713532834138,0.8929766416445523,0,78.63719754457836,69.2321927195562,13916.05999999999,0,0,0
Tuned rules,128,90.56177601198537,17.703418231247042,2.2809085766753503,0,70.57744920406299,50.63340180874978,13916.05999999999,0,0,0
Tuned rules,129,91.42696241333974,21.730855619010566,0.836539753517822,0,68.85956704081136,32.48731259691439,13916.05999999999,0,0,0
Tuned rules,130,90.3610774465982,26.340661682334467,2.855591583728889,100,-38.835175819465164,41.69788326610984,13880.55999999999,0,0,0
Tuned rules,131,89.6458942914966,29.562928153324474,5.297940254008748,100,-45.21497411583661,52.42155595747997,13845.05999999999,0,0,0
Tuned rules,132,90.59777854639881,29.61110581280146,2.3930103671857705,100,-41.40633763358841,62.241931194086405,13809.55999999999,0,0,0
Tuned rules,133,91.28040245687656,28.44259535872551,1.1651766528210457,100,-38.32736955467,71.3320650327677,13774.05999999999,0,0,0
Tuned rules,134,90.76642890227191,27.075867851253918,2.170946161139865,100,-38.48038511012186,80.45848969689877,13738.55999999999,0,0,0
Tuned rules,135,89.81935905441318,24.571305004216875,5.175804957359997,100,-39.9277509071637,89.92818730048563,13703.05999999999,0,0,0
Tuned rules,136,88.5323649060002,20.706593656022434,12.425270633891918,0,55.40050061608584,75.32887351211957,13703.05999999999,0,0,0
Tuned rules,137,87.77902435285648,14.930641566295092,19.036879591098554,0,53.811503195462834,61.148297310861956,13703.05999999999,0,0,0
Tuned rules,138,88.5469521772834,7.536794892692545,13.106665790763575,0,67.90349149382729,43.254156127664984,13703.05999999999,0,0,0
Tuned rules,139,87.09318319010758,4.3972154477088136e-15,27.638889480486476,100,-40.5457062903789,52.87041471900101,13667.55999999999,0,0,0
Tuned rules,140,88.63034229665374,0,13.43206219616514,100,-24.801719899511397,58.75265907689939,13632.05999999999,0,0,0
Tuned rules,141,89.49510808070121,0,8.341619451436204,100,-18.846511370734987,63.222501717883226,13596.55999999999,0,0,0
Tuned rules,142,88.22772528457321,0,17.93749319820413,100,-29.709767913630913,70.26879187003792,13561.05999999999,0,0,0
Tuned rules,143,82.54621069586733,0,15.859268118788389,100,-33.31305742292106,78.16967716606864,13525.55999999999,0,0,0
Tuned rules,144,83.87322417937713,0,7.597389362703676,100,-23.724165183326548,83.796356983472,13490.05999999999,0,0,0
Tuned rules,145,82.32762565464883,0,19.317082414828747,100,-36.98945676017992,92.56917694155808,13454.55999999999,0,0,0
Tuned rules,146,82.59617661873716,0,17.68005946822868,0,64.91611715050848,75.46227802073088,13454.55999999999,0,0,0
Tuned rules,147,81.16566469791229,0,35.133932808959145,0,46.031731888953146,63.331851569789464,13454.55999999999,0,0,0
Tuned rules,148,83.03177638046083,0,15.598322338572908,0,67.43345404188791,45.561576131068364,13454.55999999999,0,0,0
Tuned rules,149,81.78736645916707,0,29.50638552884693,0,52.28098093032014,31.784327960431664,13454.55999999999,0,0,0
Tuned rules,150,81.98960121276323,4.031801138310167,28.303735086947935,100,-50.34593501249486,43.724914878204274,13419.05999999999,0,0,0
Tuned rules,151,88.12440837364716,7.973455444930126,27.984539457472952,100,-47.833586528755916,55.06964603462548,13383.55999999999,0,0,0
Tuned rules,152,86.81926909197225,12.21266903774427,48.969950620209026,100,-74.36335056598105,72.70646320188084,13348.05999999999,0,0,0
Tuned rules,153,87.86813579005525,15.066175789047147,34.26995973290506,100,-61.46799973189695,87.28487937943686,13312.55999999999,0,0,0
Tuned rules,154,87.52794756659208,5.139273077213366,41.038969343570166,0,41.34970514580854,76.38827530967521,13312.55999999999,0,0,0
Tuned rules,155,87.14891292977171,6.0213515690393615,49.378773695692516,0,31.748787665039835,68.0217351454598,13312.55999999999,0,0,0
Tuned rules,156,87.10540249791293,6.6026984890333855,52.38992769717363,0,28.112776311705915,60.6133681041416,13312.55999999999,0,0,0
Tuned rules,157,87.58308044064785,5.5551520159111725,46.15195070060279,0,35.87597772413389,51.15921786299767,13312.55999999999,0,0,0
Tuned rules,158,88.04559588349628,5.362731748176793,40.7005180589139,0,41.982346076405584,40.095898269758095,13312.55999999999,0,0,0
Tuned rules,159,89.86810378604085,4.618759451654648,19.59570558628247,100,-34.34636125189627,48.241853086878926,13277.05999999999,0,0,0
Tuned rules,160,90.11567308523473,3.8474352091928194,18.50431863298214,100,-32.236080756940225,55.887310939058125,13241.55999999999,0,0,0
Tuned rules,161,89.78402316171521,2.847716644122178,23.1301688349685,100,-36.19386231737546,64.4714391071666,13206.05999999999,0,0,0
Tuned rules,162,89.74671101015957,1.5335442611186219,25.020482492086117,100,-36.807315743045166,73.20106053004127,13170.55999999999,0,0,0
Tuned rules,163,89.55913728441996,8.890189585557603e-16,28.850666046512767,100,-39.29152876209281,82.51986480290849,13135.05999999999,0,0,0
Tuned rules,164,90.10295696566652,0,24.098514701718674,100,-33.99555773605215,90.58261926093464,13099.55999999999,0,0,0
Tuned rules,165,91.51314363622896,0,12.64372987266754,0,78.86941376356143,69.79870382634407,13099.55999999999,0,0,0
Tuned rules,166,90.45677245010239,0,23.26953055013273,0,67.18724189996966,52.093310983960485,13099.55999999999,0,0,0
Tuned rules,167,85.11483128287874,0,18.134667778718295,0,66.98016350416044,34.44248809032449,13099.55999999999,0,0,0
Tuned rules,168,83.42266301865811,0,40.43771693068261,48,-5.015053912024499,35.63191256161462,13082.51999999999,0,0,0
Tuned rules,169,82.45476305043718,0,60.20974635526303,48,-25.754983304825856,41.74024318732915,13065.479999999989,0,0,0
Tuned rules,170,82.34231187373814,0,65.48368387642613,48,-31.141372002687987,49.126068061661144,13048.439999999988,0,0,0
Tuned rules,171,81.37758296927105,0,90,48,-56.622417030728954,62.55525339473702,13031.399999999987,0,0,0
Tuned rules,172,80.92695942375224,0,90,48,-57.07304057624776,76.0913134856484,13014.359999999986,0,0,0
Tuned rules,173,79.69746153358071,0,90,48,-58.30253846641929,89.9189746049083,12997.319999999985,0,0,0
Tuned rules,174,78.88115181325492,26.245923250170875,90,0,-21.423484130195597,95,12997.319999999985,0,0,15.941287306720362
Tuned rules,175,85.67840857820542,51.537503474336496,90,0,0,95,12997.319999999985,0,0,55.85909489613107
Tuned rules,176,86.84700461521754,59.429415319162636,90,0,0,95,12997.319999999985,0,0,62.5824107039451
Tuned rules,177,87.58255120612549,73.28717221204917,90,0,0,95,12997.319999999985,0,0,75.70462100592368
Tuned rules,178,87.26105493302876,85.98710694784829,90,0,0,95,12997.319999999985,0,0,88.72605201481954
Tuned rules,179,86.14838807360789,97.24162753495403,90,0,0,95,12997.319999999985,0,0,101.09323946134614
Tuned rules,180,86.59391297367452,99.17461084674328,90,0,0,95,12997.319999999985,0,0,102.58069787306877
Tuned rules,181,86.81817104939925,75.82446986966987,90,0,0,95,12997.319999999985,0,0,79.00629882027063
Tuned rules,182,86.21528106397312,72.22272501502272,90,0,0,95,12997.319999999985,0,0,76.0074439510496
Tuned rules,183,86.73565755868593,62.30649635407522,90,0,0,95,12997.319999999985,0,0,65.57083879538929
Tuned rules,184,88.04001017960533,48.05775535987473,90,0,0,95,12997.319999999985,0,0,50.0177451802694
Tuned rules,185,88.0209114149714,33.77107621728543,90,0,0,95,12997.319999999985,0,0,35.750164802314046
Tuned rules,186,87.93339455614006,17.532187188878986,90,0,0,95,12997.319999999985,0,0,19.598792632738935
Tuned rules,187,89.84518082053327,9.10345625174337e-15,82.49523888963981,0,7.349941930893451,93.06312023570007,12997.319999999985,0,0,0
Tuned rules,188,91.39134229463151,0,51.61983453004364,0,39.771507764587874,82.58240769276928,12997.319999999985,0,0,0
Tuned rules,189,91.79678155857353,0,46.39955126122325,0,45.397230297350276,70.61918709253345,12997.319999999985,0,0,0
Tuned rules,190,90.79690258641853,0,67.88719661319033,0,22.9097059732282,64.58194947585298,12997.319999999985,0,0,0
Tuned rules,191,84.03622680591408,0,88.6462539084888,0,-4.610027102574719,65.67531340479619,12997.319999999985,0,0,0
Tuned rules,192,84.87313168426245,0,70.69099738412139,0,14.182134300141058,61.9379928655592,12997.319999999985,0,0,0
Tuned rules,193,86.047190923383,0,49.07025689156792,0,36.97693403181508,52.193715163031804,12997.319999999985,0,0,0
Tuned rules,194,86.05415019662232,0,50.58829159362537,0,35.465858602996946,42.84764079978616,12997.319999999985,0,0,0
Tuned rules,195,86.74957557365829,0,40.41051172216854,48,-1.6609361485102454,43.241566395591164,12980.279999999984,0,0,0
Tuned rules,196,85.08756881970655,0,74.02420607162739,48,-36.93663725192084,52.0018591073531,12963.239999999983,0,0,0
Tuned rules,197,83.81891865081084,0,90,48,-54.18108134918916,64.85203084392609,12946.199999999983,0,0,0
Tuned rules,198,82.71670091605318,13.89265933561903,90,48,-69.17595841956586,81.25854993874583,12929.159999999982,0,0,0
Tuned rules,199,88.15364952672195,27.95945853947863,90,48,-57.93904072936463,95,12912.11999999998,0,0,19.86676828339207
Tuned rules,200,89.0107517685876,39.485596123735796,90,0,0,95,12912.11999999998,0,0,40.47484435514821
Tuned rules,201,90.21974438473245,47.93314010402194,90,0,0,95,12912.11999999998,0,0,47.71339571928948
Tuned rules,202,89.84220897002331,56.55701308091999,90,0,0,95,12912.11999999998,0,0,56.714804110896694
Tuned rules,203,90.60810284607223,60.10122012456561,90,0,0,95,12912.11999999998,0,0,59.49311727849337
Tuned rules,204,90.01343503553463,63.60124421629307,90,0,0,95,12912.11999999998,0,0,63.587809180758455
Tuned rules,205,91.0508045643776,60.24562781364239,88.84391338158325,0,0,95,12912.11999999998,0,0,58.03873663084805
Tuned rules,206,90.72040770367767,56.856689210865426,90,0,0,95,12912.11999999998,0,0,56.13628150718776
Tuned rules,207,91.70944572410014,47.934207774074544,74.37069974797005,0,0,95,12912.11999999998,0,0,30.595461797944466
Tuned rules,208,90.46852299214342,40.378747701054984,90,0,0,95,12912.11999999998,0,0,39.91022470891156
Tuned rules,209,90.29497831374015,28.542059531407897,90,0,0,95,12912.11999999998,0,0,28.247081217667755
Tuned rules,210,89.05310440750438,15.454825750978486,90,0,0,95,12912.11999999998,0,0,16.401721343474108
Tuned rules,211,89.309499980515,8.520781208471873e-15,90,0,0,95,12912.11999999998,0,0,0.6905000194850146
Tuned rules,212,90.06702573988221,0,90,0,0.06702573988221161,94.98233716667619,12912.11999999998,0,0,0
Tuned rules,213,88.9741771816644,0,90,0,-0.074473044313555,95,12912.11999999998,0,0,0.9513497740220431
Tuned rules,214,90.40127007625938,0,90,0,0.4012700762593795,94.89425605017924,12912.11999999998,0,0,0
Tuned rules,215,85.1175459322242,0,90,0,-0.4458556402882193,95,12912.11999999998,0,0,4.436598427487577
Tuned rules,216,84.56153063975265,0,90,0,0,95,12912.11999999998,0,0,5.438469360247353
Tuned rules,217,84.34349342295206,0,90,0,0,95,12912.11999999998,0,0,5.656506577047935
Tuned rules,218,85.56294111447329,0,79.2326519047385,0,6.3302892097347865,93.33182232080424,12912.11999999998,0,0,0
Tuned rules,219,85.83598380204693,0,72.22502979161771,0,13.61095401042921,89.74502100407427,12912.11999999998,0,0,0
Tuned rules,220,86.45495780173206,0,58.40482012511694,0,28.050137676615122,82.353160692457,12912.11999999998,0,0,0
Tuned rules,221,86.1830920100139,0,63.26092350331918,0,22.922168506694717,76.31263890984567,12912.11999999998,0,0,0
Tuned rules,222,85.14845150157392,15.834103162996422,86.4857690747968,0,-17.171420736219318,80.38519892390805,12912.11999999998,0,0,0
Tuned rules,223,92.63752885066597,29.350723521617773,52.70186043962678,0,10.584944889421422,77.59582102741382,12912.11999999998,0,0,0
Tuned rules,224,91.2987048927333,44.67332965410826,80.43204397226229,0,-33.80666873363725,85.61377652499587,12912.11999999998,0,0,0
Tuned rules,225,89.8550695629751,59.50084597386367,90,0,-39.57579307780477,95,12912.11999999998,0,0,20.069983333083805
Tuned rules,226,91.09904844806104,66.04617052211051,82.70048830384246,0,0,95,12912.11999999998,0,0,57.64761037789194
Tuned rules,227,89.87262773045612,75.28775630193222,90,0,0,95,12912.11999999998,0,0,75.41512857147612
Tuned rules,228,90.98371021062763,74.73657160240988,82.45103455430994,0,0,95,12912.11999999998,0,0,66.20389594609219
Tuned rules,229,92.63169806216041,68.83299216015249,46.58327110890362,0,0,95,12912.11999999998,0,0,22.784565206895692
Tuned rules,230,90.95032485063979,68.1973399799321,79.77545171769528,0,0,95,12912.11999999998,0,0,57.022466846987584
Tuned rules,231,90.80243972966596,59.89678141356567,81.52568251088643,0,0,95,12912.11999999998,0,0,50.62002419478614
Tuned rules,232,89.69677636147054,50.06019385817275,90,0,0,95,12912.11999999998,0,0,50.3634174967022
Tuned rules,233,89.46874978565137,35.3906319570912,90,0,0,95,12912.11999999998,0,0,35.92188217143983
Tuned rules,234,88.94986810612937,18.62860011606376,90,0,0,95,12912.11999999998,0,0,19.678732009934393
Tuned rules,235,89.47354200501852,1.0147476686493295e-14,90,0,0,95,12912.11999999998,0,0,0.5264579949814987
Tuned rules,236,90.61512498825718,0,75.47358911516575,0,15.141535873091428,91.00985494732373,12912.11999999998,0,0,0
Tuned rules,237,92.27592582262713,0,41.18932983201859,0,51.08659599060854,77.54735484439466,12912.11999999998,0,0,0
Tuned rules,238,91.75914986693004,0,48.08678970950675,0,43.67236015742329,66.03867743667405,12912.11999999998,0,0,0
Tuned rules,239,86.03436730901689,0,41.786823726398765,0,44.24754358261812,54.37842588762072,12912.11999999998,0,0,0
Tuned rules,240,87.49816607041075,0,21.495561169134717,0,66.00260490127603,36.98521230493529,12912.11999999998,0,0,0
Tuned rules,241,88.59478929174888,0,11.405684951038308,100,-22.81089565928943,42.3952912363205,12876.61999999998,0,0,0
Tuned rules,242,88.5776274122125,0,10.791398347996024,100,-22.21377093578353,47.66374960469494,12841.11999999998,0,0,0
Tuned rules,243,87.18844959473583,0,21.265573502334206,100,-34.07712390759838,55.745849178879055,12805.61999999998,0,0,0
Tuned rules,244,87.30463576340551,0,19.010607628466214,100,-31.705971865060704,63.265580668089704,12770.11999999998,0,0,0
Tuned rules,245,86.42803441220448,0,27.071740425136483,100,-40.643706012932,72.90508193442567,12734.61999999998,0,0,0
Tuned rules,246,86.15827866775513,17.561604947640177,28.907475931305527,100,-60.31080221119058,87.20904462187178,12699.11999999998,0,0,0
Tuned rules,247,91.9796845476991,34.61328988118833,29.638903144624248,0,27.72749152188652,79.90220903752429,12699.11999999998,0,0,0
Tuned rules,248,92.12662081958351,49.66489093917567,26.377609025617065,0,16.08412085479077,75.66367103231153,12699.11999999998,0,0,0
Tuned rules,249,91.37175663333593,64.30773456226727,34.47144795910393,0,-7.407425888035263,77.42049633769304,12699.11999999998,0,0,0
Tuned rules,250,92.07076174246515,72.49806269751953,24.214454079625447,0,-4.641755034679818,78.5213852064537,12699.11999999998,0,0,0
Tuned rules,251,90.37835487350722,83.80465647441098,45.95699712450868,0,-39.38329872541243,87.86195463718691,12699.11999999998,0,0,0
Tuned rules,252,91.22588486085422,83.71601852065496,31.39266375184092,0,-23.88279741164166,93.52625739097404,12699.11999999998,0,0,0
Tuned rules,253,92.63258015873514,77.74245980908688,15.278404222126253,0,-0.38828387247799867,93.6183469971546,12699.11999999998,0,0,0
Tuned rules,254,92.78965456510377,71.69457919889301,13.095382546586665,0,7.9996928196241015,91.51024283951237,12699.11999999998,0,0,0
Tuned rules,255,93.9928407518464,59.55936800345774,5.57456553528526,0,28.858907213103393,83.90525304143996,12699.11999999998,0,0,0
Tuned rules,256,94.89473243601569,45.94439334454605,2.308219070319559,0,46.64212002115008,71.61397519429202,12699.11999999998,0,0,0
Tuned rules,257,93.02883657932477,34.61313141369571,9.07958770692683,0,49.33611745870223,58.61276668770059,12699.11999999998,0,0,0
Tuned rules,258,91.37877911191669,18.96557631548615,20.937658252163388,0,51.47554454426715,45.04776964125573,12699.11999999998,0,0,0
Tuned rules,259,91.29800119494158,1.050917573276302e-14,20.503323165619555,0,70.79467802932201,26.391733908677544,12699.11999999998,0,0,0
Tuned rules,260,90.78336387402075,0,24.611385870131205,100,-33.82802199611045,34.41475377712639,12663.61999999998,0,0,0
Tuned rules,261,92.17106964794206,0,11.31811802248335,100,-19.147048374541285,38.95587502709953,12628.11999999998,0,0,0
Tuned rules,262,92.02712572956527,0,11.468235071908486,100,-19.44110934234321,43.56673895926323,12592.61999999998,0,0,0
Tuned rules,263,86.99504838392926,0,5.612004481039739,100,-18.616956097110474,47.98213778673033,12557.11999999998,0,0,0
Tuned rules,264,85.8010156958832,0,11.384394047954805,100,-25.583378352071605,54.04976872430968,12521.61999999998,0,0,0
Tuned rules,265,86.86923767550374,0,5.168058960393795,100,-18.298821284890053,58.3897152560563,12486.11999999998,0,0,0
Tuned rules,266,87.47453296669474,0,2.817982333217447,100,-15.343449366522705,62.02873379318225,12450.61999999998,0,0,0
Tuned rules,267,86.80976718554923,0,4.532441113938994,100,-17.722673928389767,66.23203498134691,12415.11999999998,0,0,0
Tuned rules,268,87.65730378916192,0,1.8786600236581417,100,-14.221356234496227,69.6049257651702,12379.61999999998,0,0,0
Tuned rules,269,86.5333054418362,0,4.742790071075548,100,-18.20948462923934,73.92368424863692,12344.11999999998,0,0,0
Tuned rules,270,86.22913288016565,19.235669292405966,5.5197457679327515,100,-38.52628218017307,83.06099435871475,12308.61999999998,0,0,0
Tuned rules,271,91.03871675517976,39.33250521403967,11.314634279402966,100,-50.339267765414135,95,12273.11999999998,0,0,9.269154972848739
Tuned rules,272,91.18955960980915,56.42263400315912,9.726975110174939,0,25.0399504964751,88.40139366110623,12273.11999999998,0,0,0
Tuned rules,273,91.7304005292626,69.62433658843207,6.375586241139688,0,15.730477699690837,84.25604880998046,12273.11999999998,0,0,0
Tuned rules,274,93.16367682486376,76.27277225511864,1.6563386463854426,0,15.234565923359682,80.24138818649689,12273.11999999998,0,0,0
Tuned rules,275,93.53448940143875,81.64323754772319,0.9420995929858956,0,10.949152260729662,77.35603322050626,12273.11999999998,0,0,0
Tuned rules,276,92.88017461736104,86.22414998759551,1.8578769691340635,0,4.798147660631457,76.0916102907226,12273.11999999998,0,0,0
Tuned rules,277,92.26444508696981,68.57591071063634,3.1311432560586425,0,20.55739112027483,70.67426206647352,12273.11999999998,0,0,0
Tuned rules,278,91.39626412957807,65.73831839452184,5.921038661412286,0,19.73690707364395,65.47313037315655,12273.11999999998,0,0,0
Tuned rules,279,92.1913899631057,55.64455297626203,2.900605499226287,0,33.64623148761739,56.60656985797768,12273.11999999998,0,0,0
Tuned rules,280,90.81139448670837,46.879029341833146,8.006338570659848,0,35.92602657421537,47.13923058678962,12273.11999999998,0,0,0
Tuned rules,281,91.62015367976157,31.824721127082686,4.212562155509617,0,55.582870397169266,32.49185814137273,12273.11999999998,0,0,0
Tuned rules,282,90.94520864027751,16.799913605973433,6.678853485117944,100,-32.53355845081387,40.20786902348205,12237.61999999998,0,0,0
Tuned rules,283,90.63218694851136,9.390778433523264e-15,7.9310348239042385,100,-17.29884787539288,44.310651037207506,12202.11999999998,0,0,0
Tuned rules,284,90.6556873460379,0,7.521367031669081,100,-16.865679685631193,48.310698194214545,12166.61999999998,0,0,0
Tuned rules,285,90.68099497142447,0,7.138647317541811,100,-16.457652346117342,52.21397317068539,12131.11999999998,0,0,0
Tuned rules,286,89.28577718023342,0,15.96000727934332,100,-26.67423009910989,58.540322316530855,12095.61999999998,0,0,0
Tuned rules,287,82.5253773383382,0,22.739491141812596,100,-40.21411380347439,68.07793684434554,12060.11999999998,0,0,0
Tuned rules,288,92.09890853887313,0,0,100,-7.901091461126867,69.95184522073069,12024.61999999998,0,0,0
Tuned rules,289,91.95762093305392,0,0,100,-8.042379066946083,71.8592628950814,11989.11999999998,0,0,0
Tuned rules,290,92.22856634076167,0,0,100,-7.771433659238326,73.70242022368815,11953.61999999998,0,0,0
Tuned rules,291,94.03269657033593,0,0,100,-5.967303429664071,75.11769049821861,11918.11999999998,0,0,0
Tuned rules,292,95.25647565679706,0,0,100,-4.743524343202935,76.24271607779177,11882.61999999998,0,0,0
Tuned rules,293,95.13102299593578,0,0,100,-4.86897700406422,77.39749536837871,11847.11999999998,0,0,0
Tuned rules,294,95.35349416483153,0,0,100,-4.646505835168469,78.49951098840836,11811.61999999998,0,0,0
Tuned rules,295,100.99356115143539,0,0,100.99356115143539,0,78.49951098840836,11775.871609712121,0,0,0
Tuned rules,296,102.06486903576356,0,0,102.06486903576356,0,78.49951098840836,11739.85539245318,0,0,0
Tuned rules,297,100.63607150342652,0,0,100.63607150342652,0,78.49951098840836,11704.196374577325,0,0,0
Tuned rules,298,101.10215498937356,0,0,101.10215498937356,0,78.49951098840836,11668.420835829982,0,0,0
Tuned rules,299,99.64159648192698,0,0,100,-0.3584035180730183,78.58451384629797,11632.920835829982,0,0,0
Tuned rules,300,100.71922252313236,0,0,100.71922252313236,0,78.58451384629797,11597.241030199199,0,0,0
Tuned rules,301,100.91348044742696,0,0,100.91348044742696,0,78.58451384629797,11561.512660087343,0,0,0
Tuned rules,302,100.36054930681011,0,0,100.36054930681011,0,78.58451384629797,11525.92252276064,0,0,0
Tuned rules,303,99.06436751642983,0,0,100,-0.9356324835701741,78.8064185738671,11490.42252276064,0,0,0
Tuned rules,304,98.5304816557352,0,0,100,-1.4695183442647988,79.15494545121282,11454.92252276064,0,0,0
Tuned rules,305,98.82795463378451,0,0,100,-1.1720453662154853,79.43292041708436,11419.42252276064,0,0,0
Tuned rules,306,98.85588759351947,0,0,100,-1.1441124064805308,79.70427049986448,11383.92252276064,0,0,0
Tuned rules,307,99.44804374310895,0,0,100,-0.5519562568910459,79.83517842040624,11348.42252276064,0,0,0
Tuned rules,308,100.12831507549879,0,0,100.12831507549879,0,79.83517842040624,11312.890443991766,0,0,0
Tuned rules,309,98.69479318179495,0,0,100,-1.3052068182050505,80.14473539763944,11277.390443991766,0,0,0
Tuned rules,310,98.21270341800277,0,0,100,-1.787296581997225,80.56863000164032,11241.890443991766,0,0,0
Tuned rules,311,91.14285102963466,0,0,100,-8.857148970365344,82.66928732577304,11206.390443991766,0,0,0
Tuned rules,312,91.96645865662626,0,0,100,-8.033541343373741,84.57460894993729,11170.890443991766,0,0,0
Tuned rules,313,91.09582255191526,0,0,100,-8.904177448084738,86.6864200569063,11135.390443991766,0,0,0
Tuned rules,314,90.71932814320797,0,0,0,90.71932814320797,62.7797779958437,11135.390443991766,0,0,0
Tuned rules,315,90.99767095771438,0,0,0,90.99767095771438,38.79978616276594,11135.390443991766,0,0,0
Tuned rules,316,90.25846168242484,0,0,100,-9.741538317575163,41.1101948375666,11099.890443991766,0,0,0
Tuned rules,317,90.67669187243925,0,0,100,-9.32330812756075,43.321411513365476,11064.390443991766,0,0,0
Tuned rules,318,89.42795815891621,0,0,100,-10.572041841083788,45.82879139359733,11028.890443991766,0,0,0
Tuned rules,319,96.34401345889756,0,0,100,-3.655986541102436,46.69588473595766,10993.390443991766,0,0,0
Tuned rules,320,98.38857997463636,0,0,100,-1.6114200253636426,47.07806655200932,10957.890443991766,0,0,0
Tuned rules,321,97.77201102921406,0,0,100,-2.227988970785944,47.60648053321566,10922.390443991766,0,0,0
Tuned rules,322,96.80421911319681,0,0,100,-3.195780886803192,48.36442652110047,10886.890443991766,0,0,0
Tuned rules,323,97.52766398251984,0,0,100,-2.47233601748016,48.95079249283851,10851.390443991766,0,0,0
Tuned rules,324,99.196282162019,0,0,100,-0.8037178379809973,49.14141091514797,10815.890443991766,0,0,0
Tuned rules,325,97.76872734988967,0,0,100,-2.231272650110327,49.67060368928711,10780.390443991766,0,0,0
Tuned rules,326,96.74100428855462,0,0,100,-3.2589957114453796,50.443542389253736,10744.890443991766,0,0,0
Tuned rules,327,98.55063631562592,0,0,100,-1.4493636843740774,50.787289169295406,10709.390443991766,0,0,0
Tuned rules,328,98.08418179562196,0,0,100,-1.9158182043780414,51.241665352444045,10673.890443991766,0,0,0
Tuned rules,329,98.06481071437008,0,0,100,-1.9351892856299173,51.70063579090489,10638.390443991766,0,0,0
Tuned rules,330,98.76834403501888,0,0,100,-1.2316559649811154,51.99274865163537,10602.890443991766,0,0,0
Tuned rules,331,97.92706362723612,0,0,100,-2.072936372763877,52.48438868032599,10567.390443991766,0,0,0
Tuned rules,332,96.72910995881976,0,0,100,-3.2708900411802375,53.260148368282856,10531.890443991766,0,0,0
Tuned rules,333,97.27936756582443,0,0,100,-2.7206324341755703,53.90540300589207,10496.390443991766,0,0,0
Tuned rules,334,96.08992695495704,0,0,100,-3.9100730450429637,54.83275825388952,10460.890443991766,0,0,0
Tuned rules,335,88.8788449329744,0,0,100,-11.121155067025597,57.470371770668784,10425.390443991766,0,0,0
Tuned rules,336,90.73803263506669,0,0,100,-9.261967364933312,59.66704020721907,10389.890443991766,0,0,0
Tuned rules,337,90.46453993711313,0,0,100,-9.53546006288687,61.92857313244119,10354.390443991766,0,0,0
Tuned rules,338,90.9294293972377,0,0,100,-9.070570602762302,64.07984784109833,10318.890443991766,0,0,0
Tuned rules,339,90.55894819276565,0,0,100,-9.441051807234345,66.31898988248653,10283.390443991766,0,0,0
Tuned rules,340,89.66511723780441,0,0,100,-10.33488276219559,68.77012254843781,10247.890443991766,0,0,0
Tuned rules,341,91.80041248921955,0,0,100,-8.199587510780447,70.71482547903307,10212.390443991766,0,0,0
Tuned rules,342,91.80381989697626,0,0,100,-8.196180103023735,72.65872027192121,10176.890443991766,0,0,0
Tuned rules,343,96.82100816573734,0,0,100,-3.1789918342626606,73.4126843863722,10141.390443991766,0,0,0
Tuned rules,344,95.54892894252099,0,0,100,-4.451071057479012,74.4683485790388,10105.890443991766,0,0,0
Tuned rules,345,96.67605421029883,0,0,100,-3.3239457897011704,75.2566915426175,10070.390443991766,0,0,0
Tuned rules,346,96.83285686955075,0,0,100,-3.1671431304492472,76.00784549021566,10034.890443991766,0,0,0
Tuned rules,347,97.9044866277066,0,0,100,-2.0955133722933965,76.50484012449972,9999.390443991766,0,0,0
Tuned rules,348,98.2177443791831,0,0,100,-1.7822556208168976,76.92753915958113,9963.890443991766,0,0,0
Tuned rules,349,98.013424449019,0,0,100,-1.9865755509810015,77.39869692096393,9928.390443991766,0,0,0
Tuned rules,350,96.93845198195976,0,0,100,-3.0615480180402415,78.12480678868754,9892.890443991766,0,0,0
Tuned rules,351,98.63641205254399,0,0,100,-1.3635879474560113,78.44821006648117,9857.390443991766,0,0,0
Tuned rules,352,97.99636859568292,0,0,100,-2.003631404317076,78.92341297866244,9821.890443991766,0,0,0
Tuned rules,353,98.37649669458074,0,0,100,-1.6235033054192627,79.30846059620771,9786.390443991766,0,0,0
Tuned rules,354,99.40798638634604,0,0,100,-0.5920136136539611,79.44886895308072,9750.890443991766,0,0,0
Tuned rules,355,98.33403684999632,0,0,100,-1.6659631500036767,79.84398680697474,9715.390443991766,0,0,0
Tuned rules,356,99.73330121630923,0,0,100,-0.2666987836907708,79.9072399773992,9679.890443991766,0,0,0
Tuned rules,357,101.30156192109405,0,0,101.30156192109405,0,79.9072399773992,9644.065053511493,0,0,0
Tuned rules,358,102.27865570032876,0,0,102.27865570032876,0,79.9072399773992,9607.995389586411,0,0,0
Tuned rules,359,96.09863706136579,0,0,100,-3.9013629386342075,80.83252944227809,9572.495389586411,0,0,0
Tuned rules,360,97.47883528573814,0,0,100,-2.5211647142618574,81.43047615629172,9536.995389586411,0,0,0
Tuned rules,361,98.38590868823437,0,0,100,-1.614091311765634,81.81329152354185,9501.495389586411,0,0,0
Tuned rules,362,98.10563024592942,0,0,100,-1.8943697540705813,82.26258076004656,9465.995389586411,0,0,0
Tuned rules,363,97.27148781692426,0,0,100,-2.728512183075736,82.90970424419939,9430.495389586411,0,0,0
Tuned rules,364,98.15620518482466,0,0,100,-1.8437948151753432,83.34699858074663,9394.995389586411,0,0,0
Tuned rules,365,99.12367396798082,0,0,100,-0.876326032019179,83.5548375483025,9359.495389586411,0,0,0
Tuned rules,366,98.40094349837516,0,0,100,-1.599056501624844,83.93408709723515,9323.995389586411,0,0,0
Tuned rules,367,104.77257749100839,0,0,104.77257749100839,0,83.93408709723515,9287.30224521366,0,0,0
Tuned rules,368,105.36331902240174,0,0,105.36331902240174,0,83.93408709723515,9250.46141545806,0,0,0
Tuned rules,369,104.43890191885649,0,0,104.43890191885649,0,83.93408709723515,9213.851689978346,0,0,0
Tuned rules,370,103.51369893420936,0,0,103.51369893420936,0,83.93408709723515,9177.473265244795,0,0,0
Tuned rules,371,102.07343256158379,0,0,102.07343256158379,0,83.93408709723515,9141.454907104398,0,0,0
Tuned rules,372,100.6209898455508,0,0,100.6209898455508,0,83.93408709723515,9105.799659643011,0,0,0
Tuned rules,373,100.83010029517048,0,0,100.83010029517048,0,83.93408709723515,9070.092134569219,0,0,0
Tuned rules,374,100.3636223098778,0,0,100.3636223098778,0,83.93408709723515,9034.501228991749,0,0,0
Tuned rules,375,99.72746994272484,0,0,100,-0.2725300572751621,83.99872327562358,8999.001228991749,0,0,0
Tuned rules,376,99.53305711369332,0,0,100,-0.4669428863066827,84.10946850496924,8963.501228991749,0,0,0
Tuned rules,377,101.34358247911572,0,0,101.34358247911572,0,84.10946850496924,8927.66533337197,0,0,0
Tuned rules,378,102.20352985557892,0,0,102.20352985557892,0,84.10946850496924,8891.614450908075,0,0,0
Tuned rules,379,101.99192683846258,0,0,101.99192683846258,0,84.10946850496924,8855.61646919846,0,0,0
Tuned rules,380,100.58104426910273,0,0,100.58104426910273,0,84.10946850496924,8819.971208131185,0,0,0
Tuned rules,381,100.57791671522443,0,0,100.57791671522443,0,84.10946850496924,8784.32672895238,0,0,0
Tuned rules,382,99.7273202146282,0,0,100,-0.2726797853718068,84.1741401944938,8748.82672895238,0,0,0
Tuned rules,383,93.07248028845498,0,0,100,-6.927519711545017,85.81714575630842,8713.32672895238,0,0,0
Tuned rules,384,82.28811697376099,0,90,0,-7.711883026239008,87.64617941218647,8713.32672895238,0,0,0
Tuned rules,385,82.15103474717029,0,90,0,-7.848965252829714,89.50772497277106,8713.32672895238,0,0,0
Tuned rules,386,82.06265529937214,0,90,0,-7.937344700627861,91.39023155985991,8713.32672895238,0,0,0
Tuned rules,387,80.87274416056863,0,90,0,-9.12725583943137,93.55495035283555,8713.32672895238,0,0,0
Tuned rules,388,81.91617939025475,0,90,0,-6.092864289416464,95,8713.32672895238,0,0,1.990956320328782
Tuned rules,389,83.67353379080302,0,90,0,0,95,8713.32672895238,0,0,6.32646620919698
Tuned rules,390,82.28469658537131,2.425038238716716,90,0,0,95,8713.32672895238,0,0,10.140341653345402
Tuned rules,391,87.49542364368645,5.2863583482131755,90,0,0,95,8713.32672895238,0,0,7.79093470452672
Tuned rules,392,87.63340188400682,8.258071042655889,90,0,0,95,8713.32672895238,0,0,10.62466915864907
Tuned rules,393,87.23880838283324,11.212258487880618,90,0,0,95,8713.32672895238,0,0,13.973450105047377
Tuned rules,394,89.03381601889564,13.176956068660951,90,0,0,95,8713.32672895238,0,0,14.143140049765321
Tuned rules,395,90.93293946182558,14.007913270155806,90,0,0,95,8713.32672895238,0,0,13.074973808330228
Tuned rules,396,89.46907935497897,15.912772863147293,90,0,0,95,8713.32672895238,0,0,16.443693508168323
Tuned rules,397,89.99581456636253,15.970732630491238,90,0,0,95,8713.32672895238,0,0,15.974918064128715
Tuned rules,398,91.66767294348871,14.42671378529759,90,0,0,95,8713.32672895238,0,0,12.759040841808883
Tuned rules,399,93.26883609891766,12.104183297781402,57.230052022322674,0,23.93460077881359,88.69267888767575,8713.32672895238,0,0,0
Tuned rules,400,92.813668202797,10.08129958466748,65.01145526088038,0,17.720913357249145,84.02280818539172,8713.32672895238,0,0,0
Tuned rules,401,93.98925869288783,6.840626493353753,41.784898085290926,0,45.36373411424315,72.06841460445095,8713.32672895238,0,0,0
Tuned rules,402,93.81054742763695,3.602098646154163,43.339008739161116,0,46.86944004232167,59.71723267191469,8713.32672895238,0,0,0
Tuned rules,403,93.22762821446315,2.071099078525332e-15,51.94037992539771,0,41.287248289065445,48.837087429053284,8713.32672895238,0,0,0
Tuned rules,404,94.54275296353092,0,30.200693221257357,0,64.34205974227356,31.881465918035705,8713.32672895238,0,0,0
Tuned rules,405,94.73549251392873,0,26.700344936240082,100,-31.964852422311353,39.46259632245978,8677.82672895238,0,0,0
Tuned rules,406,94.61887725529584,0,26.948180781917987,100,-32.32930352662214,47.13016389578778,8642.32672895238,0,0,0
Tuned rules,407,88.76149190418916,0,24.189119736686614,100,-35.427627832497464,55.53256359934775,8606.82672895238,0,0,0
Tuned rules,408,88.6960075679612,0,23.79284275387651,100,-35.09683518591531,63.85650893817512,8571.32672895238,0,0,0
Tuned rules,409,86.99293479936799,0,45.82721912298763,100,-58.83428432361964,77.8102846608184,8535.82672895238,0,0,0
Tuned rules,410,88.5099362827348,0,23.51738326752643,100,-35.00744698479163,86.11302972628356,8500.32672895238,0,0,0
Tuned rules,411,89.56455342939401,0,13.037223999019519,0,76.5273294303745,65.9463077054486,8500.32672895238,0,0,0
Tuned rules,412,90.09573011204185,0,8.883664061228615,0,81.21206605081323,44.54504918806481,8500.32672895238,0,0,0
Tuned rules,413,88.96442397218792,0,15.966150545285188,100,-27.001726573097272,50.949070942670836,8464.82672895238,0,0,0
Tuned rules,414,89.17711392794297,4.183929310282071,13.37428650093821,100,-28.38110188327731,57.68024027690463,8429.32672895238,0,0,0
Tuned rules,415,94.2495755992766,8.59204020325563,20.33479117481763,100,-34.67725577879665,65.90467362179714,8393.82672895238,0,0,0
Tuned rules,416,94.72398172234463,12.298029261934108,15.043691245569793,100,-32.617738785159275,73.6406496232109,8358.32672895238,0,0,0
Tuned rules,417,94.98880610214135,15.482279214791822,12.153772726875864,100,-32.647245839526335,81.38362383703785,8322.82672895238,0,0,0
Tuned rules,418,93.23620806645123,19.372878528882374,27.421320783499958,100,-53.55799124593109,94.08601678007545,8287.32672895238,0,0,0
Tuned rules,419,94.68836347331737,20.10329509494032,12.54174049070536,0,62.04332788767169,77.73616430160162,8287.32672895238,0,0,0
Tuned rules,420,94.617494151642,20.96865905906335,12.166406396903255,0,61.4824286956754,61.534121738499145,8287.32672895238,0,0,0
Tuned rules,421,93.97335391890297,21.253995206102157,16.157609452408934,0,56.56174926039188,46.62879206298393,8287.32672895238,0,0,0
Tuned rules,422,95.3072290716305,18.886574278610954,6.718289426817155,0,69.7023653662024,28.260605991447598,8287.32672895238,0,0,0
Tuned rules,423,96.02179000409552,16.128422490802443,3.4957064008592433,100,-23.602338887566162,33.85839216583814,8251.82672895238,0,0,0
Tuned rules,424,95.67118416234702,13.224699987475526,4.222650585789046,100,-21.776166410917554,39.02306350823966,8216.32672895238,0,0,0
Tuned rules,425,95.3339342355842,9.453780614516106,4.992290142781859,100,-19.112136521713765,43.55590468529243,8180.826728952379,0,0,0
Tuned rules,426,94.83507534979611,5.011031795754401,6.570129098418003,100,-16.746085544376285,47.52758760121117,8145.326728952379,0,0,0
Tuned rules,427,96.10688836206116,6.474741449491134e-16,1.9955699915864413,100,-5.88868162952528,48.92421107857805,8109.826728952379,0,0,0
Tuned rules,428,94.75245036760708,0,5.8234512507551,100,-11.071000883148017,51.549929486214296,8074.326728952379,0,0,0
Tuned rules,429,93.54033883432871,0,11.806078065053121,100,-18.26573923072442,55.88202991989788,8038.826728952379,0,0,0
Tuned rules,430,93.08260830877721,0,14.240902705048597,100,-21.158294396271387,60.900160047142485,8003.326728952379,0,0,0
Tuned rules,431,86.7507629254371,0,15.925159806694229,100,-29.174396881257124,67.81947581012889,7967.826728952379,0,0,0
Tuned rules,432,88.3838380131827,0,5.315200293589252,100,-16.93136228040656,71.83510096229493,7932.326728952379,0,0,0
Tuned rules,433,88.90329527269154,0,3.1400100922690104,100,-14.236714819577472,75.21163435440528,7896.826728952379,0,0,0
Tuned rules,434,89.5323792305482,0,1.466192814077211,100,-11.933813583529016,78.04198676159086,7861.326728952379,0,0,0
Tuned rules,435,88.47282868302318,0,3.7270132264598264,100,-15.25418454343665,81.65983428702553,7825.826728952379,0,0,0
Tuned rules,436,88.56315919483441,0,3.1151300403824367,100,-14.551970845548027,85.11113721074788,7790.326728952379,0,0,0
Tuned rules,437,88.73985515085351,0,2.3711510921443395,0,86.36870405870917,62.350985262202045,7790.326728952379,0,0,0
Tuned rules,438,89.13748604814688,1.9138270445990881,1.369179296044793,0,85.854479707503,39.72634332850069,7790.326728952379,0,0,0
Tuned rules,439,93.87910983504318,4.049079339918158,4.220086680409614,100,-14.390056185284593,43.139244818747684,7754.826728952379,0,0,0
Tuned rules,440,92.3260591619734,6.359961662993555,11.423713724899791,100,-25.457616225919935,49.177048649175184,7719.326728952379,0,0,0
Tuned rules,441,93.94176234718948,7.7421367068964795,3.3571918518263892,100,-17.157566211533393,53.246322774194574,7683.826728952379,0,0,0
Tuned rules,442,94.93359622081726,8.840243415762938,1.0546860507116633,100,-14.961333245657329,56.79471451587532,7648.326728952379,0,0,0
Tuned rules,443,94.23851326398508,10.116579810086046,2.1017830305942753,100,-17.979849576695244,61.05901026459316,7612.826728952379,0,0,0
Tuned rules,444,95.52166897679328,10.140483661273615,0.3092271240283708,100,-14.92804180850871,64.59950624867616,7577.326728952379,0,0,0
Tuned rules,445,94.15586079149307,10.72338502332919,1.8919032801689137,100,-18.459427512005036,68.9775438917295,7541.826728952379,0,0,0
Tuned rules,446,95.24472795514544,9.748370704128995,0.3739000800371822,100,-14.87754282902074,72.50606299121029,7506.326728952379,0,0,0
Tuned rules,447,96.61330264982874,8.202440113061902,0.0005659929788756384,100,-11.589703456212035,75.25480251577696,7470.826728952379,0,0,0
Tuned rules,448,95.21138487841631,7.108296646461781,0.2925823146952676,100,-12.189494082740737,78.14579487777239,7435.326728952379,0,0,0
Tuned rules,449,96.18476914083385,4.871465866362606,0.008377924515074249,100,-8.695074650043836,80.20801290172214,7399.826728952379,0,0,0
Tuned rules,450,95.92713248265152,2.5865894195497248,0.02312804224042132,100,-6.682584979138625,81.79292709110015,7364.326728952379,0,0,0
Tuned rules,451,95.10889059752114,1.5065689802769548e-15,0.23238679178234997,100,-5.123496194261207,83.0080709078804,7328.826728952379,0,0,0
Tuned rules,452,95.2543860415182,0,0.14313321417825473,100,-4.888747172660047,84.16753910565396,7293.326728952379,0,0,0
Tuned rules,453,96.66759902253025,0,0,100,-3.332400977469746,84.95788739308715,7257.826728952379,0,0,0
Tuned rules,454,96.2388690125975,0,0.00006698755944076555,100,-3.761197974961931,85.8499338179641,7222.326728952379,0,0,0
Tuned rules,455,89.18160757583294,0,0.11270813840530387,0,89.06889943742763,62.37821790906731,7222.326728952379,0,0,0
Tuned rules,456,88.2871391291805,0,0.6270504443688826,0,87.66008868481163,39.27775623103742,7222.326728952379,0,0,0
Tuned rules,457,87.84656499626706,0,1.0971495197920282,100,-13.250584523524964,42.42040828775611,7186.826728952379,0,0,0
Tuned rules,458,87.16145294892311,0,2.2808227215462016,100,-15.119369772623088,46.00628168284044,7151.326728952379,0,0,0
Tuned rules,459,86.11860646402891,0,5.4564240524012195,100,-19.337817588372303,50.592647824549495,7115.826728952379,0,0,0
Tuned rules,460,86.55836381080738,0,3.7627203404187166,100,-17.20435652961133,54.67301924788664,7080.326728952379,0,0,0
Tuned rules,461,86.42231625626275,0,4.137066558664411,100,-17.71475030240167,58.87444118314258,7044.826728952379,0,0,0
Tuned rules,462,85.44250244704928,1.776268163627622,8.342244199156095,100,-24.67600991573444,64.72687080053912,7009.326728952379,0,0,0
Tuned rules,463,90.48607336340335,3.724601283416009,14.576509605200222,100,-27.815037525212887,71.32378618424356,6973.826728952379,0,0,0
Tuned rules,464,91.98815364633677,5.2811528539619825,5.634379608163155,100,-18.927378815788373,75.81280822384694,6938.326728952379,0,0,0
Tuned rules,465,92.61022037785989,6.721062166836624,3.4080786121163578,100,-17.518920401093098,79.9677850199453,6902.826728952379,0,0,0
Tuned rules,466,92.6729282879569,8.009044189846447,3.2303463661675154,100,-18.56646226805705,84.37120818434299,6867.326728952379,0,0,0
Tuned rules,467,91.95326147938826,9.205311358970574,5.80807399287689,100,-23.0601238724592,89.84039677653749,6831.826728952379,0,0,0
Tuned rules,468,90.47082188661389,10.27422766468677,14.780248217360864,0,65.41634600456626,72.60167597819708,6831.826728952379,0,0,0
Tuned rules,469,91.17326847670546,10.101776155252352,9.978811594295815,0,71.0926807271573,53.86710963944936,6831.826728952379,0,0,0
Tuned rules,470,90.14918943714167,9.971698583253605,17.82927193765988,0,62.34821891622819,37.436911320276366,6831.826728952379,0,0,0
Tuned rules,471,89.62040325993374,9.076710879730953,23.307600552037947,100,-42.76390817183517,47.57926268077284,6796.326728952379,0,0,0
Tuned rules,472,90.56027793380397,7.226638379765668,14.84025917724319,100,-31.506619623204884,55.0517136344141,6760.826728952379,0,0,0
Tuned rules,473,89.54804940970725,5.351522854197769,24.849830099552786,100,-40.65330354404331,64.69349115511702,6725.326728952379,0,0,0
Tuned rules,474,89.29530056869376,2.845380965338309,28.297428733863725,100,-41.84750913050826,74.61849939939941,6689.826728952379,0,0,0
Tuned rules,475,90.6753457595371,1.5374217043171964e-15,14.908142813592104,100,-24.232797054055013,80.36581185695684,6654.326728952379,0,0,0
Tuned rules,476,89.30072275418223,0,29.42829214262128,100,-40.12756938843904,89.88290057450064,6618.826728952379,0,0,0
Tuned rules,477,90.2209768479398,0,19.84401430304799,0,70.3769625448918,71.33694253731579,6618.826728952379,0,0,0
Tuned rules,478,89.46487339852268,0,28.8169243655122,0,60.647949033010484,55.35480467380584,6618.826728952379,0,0,0
Tuned rules,479,82.30038410446822,0,46.87934390396907,0,35.42104020049915,46.02054099664212,6618.826728952379,0,0,0
Tuned rules,480,82.58624483427909,0,43.25677357189339,0,39.329471262385695,35.65631530003574,6618.826728952379,0,0,0
Tuned rules,481,82.4466391833964,0,46.80446397893503,48,-12.357824795538633,38.58723079597625,6601.786728952379,0,0,0
Tuned rules,482,82.78917687951892,0,42.41012723480857,48,-7.620950355289651,40.3946978753101,6584.746728952379,0,0,0
Tuned rules,483,81.89690051935708,0,60.01235258488995,48,-26.115452065532878,46.58852117421256,6567.706728952379,0,0,0
Tuned rules,484,83.52851017807777,0,33.88224950531515,49.646260672762615,0,46.58852117421256,6550.255163784189,0,0,0
Tuned rules,485,85.47222819171861,0,14.193637846063197,60,11.278590345655417,43.61635165019115,6530.215163784189,0,0,0
Tuned rules,486,84.40342088933812,3.698898376214013,25.19969425037648,100,-44.49517173725238,54.1693082179463,6494.715163784189,0,0,0
Tuned rules,487,89.94055475361222,7.474016511720759,32.08977236401974,100,-49.62323412212828,65.93849156967465,6459.215163784189,0,0,0
Tuned rules,488,90.44772491545592,10.773805760094941,26.97677227766371,100,-47.302853122302736,77.15734824649095,6423.715163784189,0,0,0
Tuned rules,489,89.90941472991292,14.024190192970392,35.33160019474366,100,-59.44637565780113,91.2562941755391,6388.215163784189,0,0,0
Tuned rules,490,91.0389791264428,15.864009938470138,22.719584812551705,0,52.455384375420955,77.43308666171083,6388.215163784189,0,0,0
Tuned rules,491,92.0555749091958,16.887287496608984,14.423308050097145,0,60.74497936248967,61.425379061261644,6388.215163784189,0,0,0
Tuned rules,492,91.63862402415208,17.904415524950807,18.976344206518185,0,54.75786429268309,46.995414813654676,6388.215163784189,0,0,0
Tuned rules,493,91.21725238385642,5.340035825100415,24.480190538758112,0,61.397026019997895,30.81587783167,6388.215163784189,0,0,0
Tuned rules,494,89.9276533206262,5.481931186643449,43.71060969107229,48,-7.264887557089537,32.53889720357647,6371.175163784189,0,0,0
Tuned rules,495,91.402220650181,4.783678218987285,25.10914044216965,60,1.509401989024056,32.141134854401095,6351.135163784189,0,0,0
Tuned rules,496,90.32779080828345,4.1719556771633535,41.23964449127056,48,-3.083809360150468,32.87252446298774,6334.095163784189,0,0,0
Tuned rules,497,92.19863699141311,2.8615641488058383,19.433883988045576,100,-30.096811145438295,40.01060997755221,6298.595163784189,0,0,0
Tuned rules,498,91.60632890776594,1.570951709061082,27.143950810292527,100,-37.10857361158767,48.81168097750002,6263.095163784189,0,0,0
Tuned rules,499,91.1462836600889,9.189745670853721e-16,34.800119589460586,100,-43.653835929371695,59.165097238008116,6227.595163784189,0,0,0
Tuned rules,500,89.69698999618687,0,62.08702961154399,100,-72.39003961535711,76.33390262008419,6192.095163784189,0,0,0
Tuned rules,501,89.47209694154475,0,69.80310888858823,100,-78.70317699604705,95,6156.595163784189,0,0,1.6278349509964158
Tuned rules,502,89.146571569567,0,80.61786348922786,0,8.528708080339143,92.7524880806205,6156.595163784189,0,0,0
Tuned rules,503,84.16142257272804,0,60.88871100455725,0,23.27271156817079,86.6195900903231,6156.595163784189,0,0,0
Tuned rules,504,84.65207863652887,0,53.96940752726092,0,30.68267110926795,78.53399630672878,6156.595163784189,0,0,0
Tuned rules,505,83.70102082600017,0,77.18974313976283,0,6.511277686237349,76.81812397620034,6156.595163784189,0,0,0
Tuned rules,506,85.28209242676755,0,47.61075089631819,0,37.67134153044936,66.8908538303409,6156.595163784189,0,0,0
Tuned rules,507,83.98984967656686,0,76.96110234695637,0,7.028747329610496,65.03861627539128,6156.595163784189,0,0,0
Tuned rules,508,84.47780764049278,0,68.96315328939502,0,15.51465435109776,60.9501458704154,6156.595163784189,0,0,0
Tuned rules,509,83.26986732368022,0,90,0,-6.7301326763197835,62.54633698633755,6156.595163784189,0,0,0
Tuned rules,510,84.79117931769676,24.24823473357397,68.24410090401503,0,-7.701156319892235,64.37282658042703,6156.595163784189,0,0,0
Tuned rules,511,91.53572907870978,46.28590575850588,55.787338091171705,0,-10.537514770967817,66.87201764697147,6156.595163784189,0,0,0
Tuned rules,512,92.8524118038941,63.70583454547037,36.0664812496085,0,-6.919903991184768,68.51321698210899,6156.595163784189,0,0,0
Tuned rules,513,93.66962114324033,77.78599473947762,27.165117312450036,0,-11.281490908687317,71.18885748265407,6156.595163784189,0,0,0
Tuned rules,514,92.90282307904766,92.49836606900061,39.4380435412861,0,-39.03358653123905,80.44648538395306,6156.595163784189,0,0,0
Tuned rules,515,92.9226191574808,100.35439676097465,41.26465333091139,0,-48.69643093440524,91.99585805948821,6156.595163784189,0,0,0
Tuned rules,516,93.72475445063179,100.27917951209123,31.649662419052916,0,-12.666574595273742,95,6156.595163784189,0,0,25.537512885238613
Tuned rules,517,95.1057174158555,93.04561904035546,17.899503596322518,0,0,95,6156.595163784189,0,0,15.839405220822485
Tuned rules,518,94.21289000283673,89.17823373025932,28.84674056678242,0,0,95,6156.595163784189,0,0,23.812084294205007
Tuned rules,519,92.948877473159,81.1126838326559,49.84827910404695,0,0,95,6156.595163784189,0,0,38.012085463543855
Tuned rules,520,92.14773346101752,66.5749309547991,68.39556937641811,0,0,95,6156.595163784189,0,0,42.822766870199686
Tuned rules,521,92.19661397219241,46.2611977138312,70.162983638342,0,0,95,6156.595163784189,0,0,24.227567379980798
Tuned rules,522,92.93671402489815,23.113781038553416,57.27948143655139,0,12.543451549793346,91.69451028189035,6156.595163784189,0,0,0
Tuned rules,523,91.47592513450292,1.339480984095827e-14,90,0,1.4759251345029014,91.30556985848038,6156.595163784189,0,0,0
Tuned rules,524,91.60542120322508,0,90,0,1.6054212032250774,90.8825042246371,6156.595163784189,0,0,0
Tuned rules,525,93.1721263294629,0,59.84107239140806,0,33.331053938054836,82.09900028645559,6156.595163784189,0,0,0
Tuned rules,526,92.03140124279113,0,88.93148489989885,0,3.0999163428922856,81.28210060316233,6156.595163784189,0,0,0
Tuned rules,527,85.77579269560272,0,90,0,-4.224207304397282,82.28395933245851,6156.595163784189,0,0,0
Tuned rules,528,86.75063305944015,0,76.53345385402255,0,10.217179205417594,79.59149620318942,6156.595163784189,0,0,0
Tuned rules,529,85.29638980443352,0,90,0,-4.703610195566483,80.70705531145794,6156.595163784189,0,0,0
Tuned rules,530,86.34509214274028,0,90,0,-3.6549078572597153,81.5738928214819,6156.595163784189,0,0,0
Tuned rules,531,85.60181499269113,0,90,0,-4.398185007308868,82.61701398602443,6156.595163784189,0,0,0
Tuned rules,532,84.17236500767413,0,90,0,-5.827634992325869,83.999158982113,6156.595163784189,0,0,0
Tuned rules,533,85.52675626534227,0,90,0,-4.4732437346577285,85.06008188690772,6156.595163784189,0,0,0
Tuned rules,534,87.25535775402852,22.918767769885438,78.54804814022316,0,-14.21145815608007,88.43062513531196,6156.595163784189,0,0,0
Tuned rules,535,93.85125021775085,43.730238795234264,66.8329108962913,0,-16.711899473774707,92.39420011267927,6156.595163784189,0,0,0
Tuned rules,536,94.87926831578469,60.45316720026995,48.3102920994554,0,-10.987017027391492,95,6156.595163784189,0,0,2.897173956549178
Tuned rules,537,94.94992939846183,75.6194204015132,48.416846750541,0,0,95,6156.595163784189,0,0,29.08633775359236
Tuned rules,538,94.01557976845115,90.3231834917452,68.2720426061618,0,0,95,6156.595163784189,0,0,64.57964632945587
Tuned rules,539,92.37610324414021,103.75737757859223,90,0,0,95,6156.595163784189,0,0,101.38127433445203
Tuned rules,540,92.53282896196112,105.8644491806283,90,0,0,95,6156.595163784189,0,0,103.33162021866718
Tuned rules,541,92.0321379779914,105.06653171626611,90,0,0,95,6156.595163784189,0,0,103.03439373827473
Tuned rules,542,91.10293398412688,100.25936109519363,90,0,0,95,6156.595163784189,0,0,99.15642711106676
Tuned rules,543,91.72421280039913,85.2009937822533,90,0,0,95,6156.595163784189,0,0,83.47678098185418
Tuned rules,544,90.48285374309248,70.86442521109642,90,0,0,95,6156.595163784189,0,0,70.38157146800395
Tuned rules,545,92.2307500697591,46.48177057241137,90,0,0,95,6156.595163784189,0,0,44.25102050265227
Tuned rules,546,93.13210350117049,23.092314759875997,90,0,0,95,6156.595163784189,0,0,19.9602112587055
Tuned rules,547,93.60378988505113,1.2495504168663973e-14,89.00657849832315,0,4.597211386727963,93.78852842772321,6156.595163784189,0,0,0
Tuned rules,548,95.27510161587618,0,52.396702159757815,0,42.878399456118366,82.48907803573495,6156.595163784189,0,0,0
Tuned rules,549,93.5177511050275,0,90,0,3.5177511050275,81.5620692246132,6156.595163784189,0,0,0
Tuned rules,550,93.57592343403729,0,90,0,3.5759234340372927,80.6197306587858,6156.595163784189,0,0,0
Tuned rules,551,86.33521705966862,0,90,0,-3.664782940331378,81.488910250404,6156.595163784189,0,0,0
Tuned rules,552,84.85606880819358,0,90,0,-5.143931191806416,82.70890065240096,6156.595163784189,0,0,0
Tuned rules,553,86.21636989089603,0,90,0,-3.7836301091039672,83.60626732502796,6156.595163784189,0,0,0
Tuned rules,554,87.58193672691999,0,90,0,-2.4180632730800085,84.17976138522805,6156.595163784189,0,0,0
Tuned rules,555,87.10607678578927,0,90,0,-2.89392321421073,84.86611554001864,6156.595163784189,0,0,0
Tuned rules,556,86.04796102907787,0,90,0,-3.952038970922132,85.80342388125828,6156.595163784189,0,0,0
Tuned rules,557,86.06508384598948,0,90,0,-3.934916154010523,86.73667118989302,6156.595163784189,0,0,0
Tuned rules,558,85.33253190033699,24.66448361633347,90,0,-29.33195171599648,93.69335436294051,6156.595163784189,0,0,0
Tuned rules,559,92.24809643243407,46.61394525615168,90,0,-5.509301743772937,95,6156.595163784189,0,0,38.856547079944676
Tuned rules,560,92.67826365608016,65.99478551356873,90,0,0,95,6156.595163784189,0,0,63.31652185748857
Tuned rules,561,93.39384963223907,66.32290427386424,90,0,0,95,6156.595163784189,0,0,62.929054641625186
Tuned rules,562,94.03674530572364,75.07231761583321,75.15282551116192,0,0,95,6156.595163784189,0,0,56.188397821271494
Tuned rules,563,93.01082998157166,84.89935577841088,90,0,0,95,6156.595163784189,0,0,81.88852579683923
Tuned rules,564,92.30645099812048,89.93159183613992,90,0,0,95,6156.595163784189,0,0,87.62514083801943
Tuned rules,565,93.78091830136822,83.63800395435662,77.59639264274621,0,0,95,6156.595163784189,0,0,67.45347829573461
Tuned rules,566,93.961693802963,77.19884092046516,71.97171248471774,0,0,95,6156.595163784189,0,0,55.20885960221989
Tuned rules,567,92.5954651157939,70.85498187508854,90,0,0,95,6156.595163784189,0,0,68.25951675929463
Tuned rules,568,93.32654210192538,55.37293685964223,84.06724563430737,0,0,95,6156.595163784189,0,0,46.11364039202422
Tuned rules,569,92.29612572733527,40.24200607799256,90,0,0,95,6156.595163784189,0,0,37.94588035065729
Tuned rules,570,93.43907057377572,19.926280548357152,77.64554624814669,0,0,95,6156.595163784189,0,0,4.132756222728119
Tuned rules,571,92.64948216630916,1.1351154665803704e-14,90,0,2.6494821663091415,94.30180014453884,6156.595163784189,0,0,0
Tuned rules,572,93.06350582035668,0,82.84893249989572,0,10.214573320460957,91.61002372625171,6156.595163784189,0,0,0
Tuned rules,573,94.42085011678773,0,51.67890577409044,0,42.741944342697295,80.34653241399572,6156.595163784189,0,0,0
Tuned rules,574,93.97459039076759,0,58.46135640438544,0,35.51323398638215,70.98797354103999,6156.595163784189,0,0,0
Tuned rules,575,87.9226982277613,0,57.63306003313785,0,30.28963819462345,63.0059530245866,6156.595163784189,0,0,0
Tuned rules,576,87.41634544370626,0,66.06462250277228,0,21.351722940933982,57.379279986068255,6156.595163784189,0,0,0
Tuned rules,577,86.88268265584273,0,75.85309090921507,0,11.02959174662766,54.47272735430674,6156.595163784189,0,0,0
Tuned rules,578,87.23064241212649,0,65.69572110474908,0,21.534921307377402,48.79777730732311,6156.595163784189,0,0,0
Tuned rules,579,85.74786402353882,0,90,0,-4.252135976461176,49.806259902800214,6156.595163784189,0,0,0
Tuned rules,580,86.62308808558438,0,74.51426013459668,0,12.108827950987703,46.61530355944764,6156.595163784189,0,0,0
Tuned rules,581,87.04856113899658,0,62.69033768986759,0,24.358223449128985,40.196348071566796,6156.595163784189,0,0,0
Tuned rules,582,87.46029955071114,16.94266604158904,52.400151910330194,48,-29.882518401208088,47.28360959929511,6139.555163784189,0,0,0
Tuned rules,583,94.24191017526044,32.23944854610701,37.53392929031627,48,-23.53146766116285,52.86458718648536,6122.515163784189,0,0,0
Tuned rules,584,94.19146695113074,46.61575008700029,36.561642167197874,48,-36.98592530306743,61.63656958597634,6105.475163784189,0,0,0
Tuned rules,585,92.91366417363565,61.5587566918555,56.108106524961144,48,-72.75319904318098,78.89150578897895,6088.435163784189,0,0,0
Tuned rules,586,92.65108947409297,71.99091630137707,58.9046927805352,48,-67.91937517661806,95,6071.395163784189,0,0,18.325144431201224
Tuned rules,587,93.96513061139089,74.61730854949673,34.6513371280555,0,0,95,6071.395163784189,0,0,15.303515066161339
Tuned rules,588,92.76186294573756,80.33155360185,52.099365875147654,0,0,95,6071.395163784189,0,0,39.66905653126008
Tuned rules,589,93.0091640364995,77.98972817225273,45.56943735573162,0,0,95,6071.395163784189,0,0,30.55000149148485
Tuned rules,590,94.50492118282146,68.52427250364364,23.39084495460643,0,2.5898037245713823,94.31752679479726,6071.395163784189,0,0,0
Tuned rules,591,94.44644628334427,59.844024384720704,22.677020836757425,0,11.92540106186614,91.1749076809233,6071.395163784189,0,0,0
Tuned rules,592,93.19420356679082,38.2206483691846,36.77200095806297,0,18.201554239543256,86.37837698491907,6071.395163784189,0,0,0
Tuned rules,593,92.69847546582956,27.220365434412866,42.425093367456256,0,23.053016663960435,80.30337368525812,6071.395163784189,0,0,0
Tuned rules,594,93.74792200215575,13.517001863868321,26.22788955624017,0,54.00303058204725,66.0723255860083,6071.395163784189,0,0,0
Tuned rules,595,94.1520707762906,7.36843838306533e-15,20.527392010675626,0,73.62467876561496,46.670519177876855,6071.395163784189,0,0,0
Tuned rules,596,94.90854468133367,0,12.983140599773991,0,81.92540408155968,25.08127958392823,6071.395163784189,0,0,0
Tuned rules,597,95.7553249340406,0,7.1118699927152385,100,-11.35654505867464,27.77472073910891,6035.895163784189,0,0,0
Tuned rules,598,97.16311374208131,0,1.9512306223339002,100,-4.788116880252588,28.910322367461248,6000.395163784189,0,0,0
Tuned rules,599,89.94268277902952,0,5.188313705916484,100,-15.24563092688696,32.526141224606256,5964.895163784189,0,0,0
Tuned rules,600,90.15831533977556,0,3.9611207948089793,100,-13.802805455033422,35.79976397496394,5929.395163784189,0,0,0
Tuned rules,601,90.126940331628,0,3.6688148912389043,100,-13.541874559610903,39.01150152971344,5893.895163784189,0,0,0
Tuned rules,602,90.68877864986533,0,1.9174751014729703,100,-11.228696451607647,41.67462072534325,5858.395163784189,0,0,0
Tuned rules,603,89.19807585087071,0,6.278537759719208,100,-17.080461908848505,45.725607959321394,5822.895163784189,0,0,0
Tuned rules,604,87.84428832079573,0,13.615197755207006,100,-25.77090943441128,51.83771579832099,5787.395163784189,0,0,0
Tuned rules,605,86.31787616923236,0,27.204115677285746,100,-40.88623950805338,61.53473893366681,5751.895163784189,0,0,0
Tuned rules,606,87.27561556762197,10.362771672234821,16.32293890786467,100,-39.41009501247753,70.88166366189714,5716.395163784189,0,0,0
Tuned rules,607,94.52177735937094,19.440436602536664,7.301995144736447,100,-32.22065438790217,78.52346282941234,5680.895163784189,0,0,0
Tuned rules,608,95.14915072580732,27.469989866849495,4.22256848950117,100,-36.543407630543356,87.19049294764939,5645.395163784189,0,0,0
Tuned rules,609,93.94016996483441,36.2917937092859,9.26724715072769,0,48.38112910482082,74.44094596915797,5645.395163784189,0,0,0
Tuned rules,610,94.3624972432044,41.45840420923111,6.529448793671114,0,46.374644240302175,62.22015417921099,5645.395163784189,0,0,0
Tuned rules,611,93.3091309247005,46.93711027362776,11.96570116312624,0,34.4063194879465,53.15329288876522,5645.395163784189,0,0,0
Tuned rules,612,92.61425141167786,49.67536946820227,16.565975281552547,0,26.37290666192304,46.20342175787313,5645.395163784189,0,0,0
Tuned rules,613,91.4510678220456,50.734756574120084,27.496635195250125,0,13.219676052675396,42.7197312365366,5645.395163784189,0,0,0
Tuned rules,614,90.52291301246484,48.66781114188533,38.80366006675125,48,-44.948558196171746,53.380217844576514,5628.355163784189,0,0,0
Tuned rules,615,90.03739433027518,43.20062847772911,45.10826080287056,48,-46.27149495032448,64.3544664533769,5611.315163784189,0,0,0
Tuned rules,616,91.15751156350827,33.42428772819293,27.820036060312777,48,-18.086812224997445,68.64413062158464,5594.275163784189,0,0,0
Tuned rules,617,90.36765326121704,24.017596832683527,37.29787817274163,48,-18.947821744208113,73.13800112737678,5577.235163784189,0,0,0
Tuned rules,618,90.89092938226186,12.184004529536935,29.130699597967677,49.57622525475725,0,73.13800112737678,5559.8011074705,0,0,0
Tuned rules,619,90.7268792043213,6.7829790281768855e-15,30.265888715086863,60,0.4609904892344332,73.01651946690544,5539.7611074705,0,0,0
Tuned rules,620,89.96809533946228,0,39.96267541195775,50.00541992750453,0,73.01651946690544,5522.219752488624,0,0,0
Tuned rules,621,88.66401588959994,0,62.22901395018658,48,-21.564998060586646,78.131107837548,5505.179752488624,0,0,0
Tuned rules,622,88.11269127978403,0,72.91620172845832,48,-32.80351044867429,85.9111434575687,5488.139752488624,0,0,0
Tuned rules,623,83.31350031033546,0,47.62651380253177,0,35.68698650780369,76.5067967748722,5488.139752488624,0,0,0
Tuned rules,624,83.672570543944,0,40.83474754644722,0,42.83782299749679,65.21803921860293,5488.139752488624,0,0,0
Tuned rules,625,83.30778445034728,0,45.972991259798555,0,37.33479319054873,55.379457347479686,5488.139752488624,0,0,0
Tuned rules,626,82.63733062754994,0,57.39615520053143,0,25.24117542701851,48.72782358337538,5488.139752488624,0,0,0
Tuned rules,627,83.09336571499333,0,48.21010206963523,0,34.8832636453581,39.53527647175207,5488.139752488624,0,0,0
Tuned rules,628,83.59144516705297,0,39.48627777414284,48,-3.8948326070898815,40.45901713251425,5471.099752488624,0,0,0
Tuned rules,629,83.05264036261542,0,47.776367946152064,48,-12.723727583536643,43.47671409437571,5454.059752488624,0,0,0
Tuned rules,630,81.85598953515628,13.88381999638314,71.11480258291482,48,-51.14263304414166,55.60625454120158,5437.019752488624,0,0,0
Tuned rules,631,88.38055952863746,27.264306545581984,59.474105658043214,48,-46.357852674987754,66.60098468276338,5419.979752488624,0,0,0
Tuned rules,632,89.53519381501391,39.229452512866544,38.925550118802434,48,-36.619808816655066,75.28613493330428,5402.939752488624,0,0,0
Tuned rules,633,88.72257554160137,49.70989298780877,52.36273363313482,48,-61.35005107934222,89.83657713168375,5385.8997524886245,0,0,0
Tuned rules,634,87.81946837509645,57.73164276270654,70.71131674346277,0,-21.770902381972,95,5385.8997524886245,0,0,18.852588749100853
Tuned rules,635,88.60010482240969,62.87817843059601,54.510172261424394,0,0,95,5385.8997524886245,0,0,28.788245869610705
Tuned rules,636,87.57979256451205,65.01445339025535,76.30486089505804,0,0,95,5385.8997524886245,0,0,53.73952172080135
Tuned rules,637,88.56021205843155,63.79621802819918,55.501260620251855,0,0,95,5385.8997524886245,0,0,30.737266590019487
Tuned rules,638,87.41109186274319,59.44076334208535,80.9158415277905,0,0,95,5385.8997524886245,0,0,52.945513007132675
Tuned rules,639,86.35932126420559,52.083586598924306,90,0,0,95,5385.8997524886245,0,0,55.72426533471872
Tuned rules,640,85.46732738095247,41.992540685979584,90,0,0,95,5385.8997524886245,0,0,46.52521330502711
Tuned rules,641,85.86176018433412,29.524645301961186,90,0,0,95,5385.8997524886245,0,0,33.66288511762707
Tuned rules,642,87.37032937351012,15.264319142035323,84.50903118071437,0,0,95,5385.8997524886245,0,0,12.403020949239576
Tuned rules,643,88.39237463388275,8.4560887174422e-15,61.90820596332948,0,26.484168670553267,88.02080875541485,5385.8997524886245,0,0,0
Tuned rules,644,88.81063603917228,0,54.478775184584656,0,34.331860854587624,78.97356903770887,5385.8997524886245,0,0,0
Tuned rules,645,88.85465370550924,0,54.542045663549146,0,34.31260804196009,69.93140288160852,5385.8997524886245,0,0,0
Tuned rules,646,88.54645643272184,0,61.6596264245758,0,26.886830008146042,62.846101057649776,5385.8997524886245,0,0,0
Tuned rules,647,81.63506349807582,0,83.79454155447382,0,-2.159478056398001,63.35826624880261,5385.8997524886245,0,0,0
Tuned rules,648,81.22901585000955,0,90,0,-8.770984149990454,65.43848779144304,5385.8997524886245,0,0,0
Tuned rules,649,82.61593925854201,0,64.03476182833137,0,18.581177430210644,60.541917600844705,5385.8997524886245,0,0,0
Tuned rules,650,82.07068848349529,0,77.91230742511814,0,4.158381058377145,59.44608797389692,5385.8997524886245,0,0,0
Tuned rules,651,82.81029217829169,0,62.98658541025204,0,19.82370676803965,54.22208255270522,5385.8997524886245,0,0,0
Tuned rules,652,82.00826719942128,0,83.20517619392764,0,-1.1969089945063587,54.505954445798864,5385.8997524886245,0,0,0
Tuned rules,653,83.75198505398028,0,48.064764922527985,0,35.68722013145229,45.101546197865304,5385.8997524886245,0,0,0
Tuned rules,654,84.8908872511177,15.811334578809754,31.962952150286757,0,37.116600522021194,35.32046314351683,5385.8997524886245,0,0,0
Tuned rules,655,92.74114746056037,29.105189264895657,13.831828280587802,100,-50.19587008492309,47.22545903868682,5350.3997524886245,0,0,0
Tuned rules,656,92.82671009114422,29.76899468727045,13.898741172114654,100,-50.8410257682409,59.283467039208304,5314.8997524886245,0,0,0
Tuned rules,657,94.56310911761022,35.30489034875854,4.779759735144328,100,-45.52154096629266,70.07984844326933,5279.3997524886245,0,0,0
Tuned rules,658,94.64981017353901,40.819156130279154,4.8355485220682315,100,-51.00489447880838,82.17672132098792,5243.8997524886245,0,0,0
Tuned rules,659,94.29543423772914,45.04134870290259,6.781683387247574,100,-54.06769026233784,95,5208.3997524886245,0,0,3.4599075900831693
Tuned rules,660,93.2320285482769,48.30831435548078,13.955768324152816,0,30.967945868643305,86.8392297165238,5208.3997524886245,0,0,0
Tuned rules,661,91.78033913010798,49.82315274757442,29.62811654006762,0,12.329069842465941,83.59023453873333,5208.3997524886245,0,0,0
Tuned rules,662,91.45669731285577,46.837937464314685,35.50686518038351,0,9.111894668157575,81.18903945948982,5208.3997524886245,0,0,0
Tuned rules,663,90.69307834746046,41.97736624994427,49.58364317606584,0,-0.8679310785496597,81.39488738900958,5208.3997524886245,0,0,0
Tuned rules,664,90.08323843903563,34.4267830125451,63.73123479343856,0,-8.074779366948036,83.30998946922621,5208.3997524886245,0,0,0
Tuned rules,665,90.79588509521298,23.589791493997478,52.10762293348514,0,15.098470667730368,79.33119309462028,5208.3997524886245,0,0,0
Tuned rules,666,91.9895710215466,11.701373472052053,34.82082323427813,0,45.46737431521641,67.34948792266007,5208.3997524886245,0,0,0
Tuned rules,667,91.70113679767013,6.542737365467956e-15,40.992747806624685,0,50.70838899104544,53.98665411520081,5208.3997524886245,0,0,0
Tuned rules,668,93.08688704719069,0,24.285601449226032,0,68.80128559796465,35.8559234120918,5208.3997524886245,0,0,0
Tuned rules,669,92.78863136840124,0,29.345786189594843,100,-36.55715482119359,44.52621396287009,5172.8997524886245,0,0,0
Tuned rules,670,92.8800093282054,0,29.866879584937614,100,-36.9868702567322,53.29842047780088,5137.3997524886245,0,0,0
Tuned rules,671,87.11739154519552,0,28.577107491045417,100,-41.459715945849894,63.13145549273745,5101.8997524886245,0,0,0
Tuned rules,672,87.10280414056857,0,30.467618022111473,100,-43.364813881542915,73.41632415585967,5066.3997524886245,0,0,0
Tuned rules,673,86.91945601002718,0,34.771952575032465,100,-47.85249656500528,84.76554022116969,5030.8997524886245,0,0,0
Tuned rules,674,87.8767282812472,0,24.487740270931457,100,-36.61101198968426,93.44860412100482,4995.3997524886245,0,0,0
Tuned rules,675,87.26602282038834,0,33.796398527970915,0,53.46962429241743,79.35812092121247,4995.3997524886245,0,0,0
Tuned rules,676,87.80203810513333,0,28.619674013057136,0,59.1823640920762,63.76219860085216,4995.3997524886245,0,0,0
Tuned rules,677,86.94306054795881,0,42.78769524258456,0,44.15536530537425,52.12623816070558,4995.3997524886245,0,0,0
Tuned rules,678,85.63351246033488,23.809293889460182,70.67575697471278,0,-8.851538403838077,54.22556482214905,4995.3997524886245,0,0,0
Tuned rules,679,90.52587438340296,48.39404254883427,90,0,-47.868168165431314,65.57849773385355,4995.3997524886245,0,0,0
Tuned rules,680,90.09365682118646,70.91879985925596,90,0,-70.8251430380695,82.37615530441734,4995.3997524886245,0,0,0
Tuned rules,681,89.63647174095141,90.48628911449258,90,0,-53.22680275503486,95,4995.3997524886245,0,0,37.623014618506325
Tuned rules,682,91.3489997961542,99.53162541183029,90,0,0,95,4995.3997524886245,0,0,98.1826256156761
Tuned rules,683,90.97253505764763,109.62197005500805,90,0,0,95,4995.3997524886245,0,0,108.6494349973604
Tuned rules,684,91.56446427849772,110.52992994266756,90,0,0,95,4995.3997524886245,0,0,108.96546566416984
Tuned rules,685,90.56805010454056,111.29816860274751,90,0,0,95,4995.3997524886245,0,0,110.73011849820696
Tuned rules,686,92.50130972110333,96.4693865584005,76.24578556506579,0,0,95,4995.3997524886245,0,0,80.21386240236296
Tuned rules,687,92.20351952997319,84.55322132419242,86.95524093736447,0,0,95,4995.3997524886245,0,0,79.30494273158368
Tuned rules,688,92.34335822137234,67.10122864598829,86.77652534462291,0,0,95,4995.3997524886245,0,0,61.53439576923887
Tuned rules,689,92.49214828498157,46.45333547820289,86.32382521954021,0,0,95,4995.3997524886245,0,0,40.285012412761546
Tuned rules,690,92.23191054498257,24.032304054947918,90,0,0,95,4995.3997524886245,0,0,21.800393509965346
Tuned rules,691,93.95966394054597,1.2451941952252353e-14,58.75377578560964,0,35.20588815493631,85.72243386510486,4995.3997524886245,0,0,0
Tuned rules,692,93.31015029512972,0,75.57573208216563,0,17.734418212964087,81.0490043208599,4995.3997524886245,0,0,0
Tuned rules,693,91.85200678515037,0,90,0,1.8520067851503654,80.56095768059646,4995.3997524886245,0,0,0
Tuned rules,694,92.55219287420215,0,90,0,2.5521928742021487,79.88839580471893,4995.3997524886245,0,0,0
Tuned rules,695,88.01166528352928,0,67.82685438334897,0,20.18481090018031,74.56923108935531,4995.3997524886245,0,0,0
Tuned rules,696,89.31707190996079,0,44.93148187627019,0,44.3855900336906,62.872601106277635,4995.3997524886245,0,0,0
Tuned rules,697,89.18644893976159,0,49.092453196385435,0,40.093995743376155,52.30690551909727,4995.3997524886245,0,0,0
Tuned rules,698,89.33132913960671,0,48.45597012630943,0,40.87535901329728,41.53530263083792,4995.3997524886245,0,0,0
Tuned rules,699,89.33880988921189,0,50.19263297287204,48,-8.85382308366016,43.63517115167854,4978.3597524886245,0,0,0
Tuned rules,700,90.58911098434359,0,32.287260727233694,58.3018502571099,0,43.63517115167854,4958.744289924347,0,0,0
Tuned rules,701,90.09825520173905,0,40.822268787637036,100,-50.72401358589798,55.66542727643573,4923.244289924347,0,0,0
Tuned rules,702,90.55833364624507,20.491872887572118,35.3774463783278,100,-65.31098561965484,71.15528758558169,4887.744289924347,0,0,0
Tuned rules,703,95.87184352952252,41.03471939825433,47.612375745690905,100,-92.77525161442273,93.15887050534089,4852.244289924347,0,0,0
Tuned rules,704,96.86427707425486,56.71203619921966,33.596155065734294,0,6.556085809300896,91.43119019759929,4852.244289924347,0,0,0
Tuned rules,705,97.82865387274413,68.36900255004906,22.896839160512734,0,6.562812162182325,89.70173734023675,4852.244289924347,0,0,0
Tuned rules,706,96.50328202710676,83.11559004279948,41.303031098451804,0,-22.339436862231512,95,4852.244289924347,0,0,5.575902251913018
Tuned rules,707,95.13368535834283,94.77501833086278,68.48623525674104,0,0,95,4852.244289924347,0,0,68.12756822926099
Tuned rules,708,94.65436750383638,98.93965391076907,81.35144370892765,0,0,95,4852.244289924347,0,0,85.63673011586032
Tuned rules,709,95.20335895545281,94.50592736658902,69.98133732173449,0,0,95,4852.244289924347,0,0,69.28390573287069
Tuned rules,710,96.23669737897461,83.95095643200122,50.4103167684632,0,0,95,4852.244289924347,0,0,38.1245758214898
Tuned rules,711,95.72178801370774,74.30075162283427,61.418506097597685,0,0,95,4852.244289924347,0,0,39.99746970672422
Tuned rules,712,95.57527014682479,59.57691601432943,65.59707236544459,0,0,95,4852.244289924347,0,0,29.598718232949224
Tuned rules,713,95.4131979783728,41.70905223508203,70.20489256063038,0,0,95,4852.244289924347,0,0,16.500746817339603
Tuned rules,714,95.82993881825493,21.052582870177737,62.1568400151417,0,12.62051593293549,91.67420203378991,4852.244289924347,0,0,0
Tuned rules,715,96.40052137024257,1.1332115168858485e-14,51.78922316209889,0,44.611298208143666,79.91809272422971,4852.244289924347,0,0,0
Tuned rules,716,95.46832686378494,0,71.56793827688387,0,23.900388586901073,73.619787316088,4852.244289924347,0,0,0
Tuned rules,717,96.22657839605816,0,56.24180813178955,0,39.98477026426861,63.082875169949524,4852.244289924347,0,0,0
Tuned rules,718,96.3356264381568,0,54.61145707042929,0,41.724169367727505,52.087591113228996,4852.244289924347,0,0,0
Tuned rules,719,91.0003556772429,0,43.25440437464614,0,47.74595130259675,39.50542818258823,4852.244289924347,0,0,0
Forecast planner,0,83.32464716129005,0,27.563030554074775,0,55.761616607215274,50.30552379234409,16000,0,0,0
Forecast planner,1,84.1249842838985,0,20.367268405794643,48,15.757715878103852,46.15300105096006,15982.96,0,0,0
Forecast planner,2,83.02002791425608,0,35.228576114480425,39,8.791451799775643,43.83625008205359,15968.169999999998,0,0,0
Forecast planner,3,82.02509642282396,0,53.877839914505806,0,28.147256508318158,36.418796711113295,15968.169999999998,0,0,0
Forecast planner,4,83.30844106720329,0,35.10843535787145,0,48.20000570933184,23.716979938229258,15968.169999999998,0,0,0
Forecast planner,5,83.3860207734376,0,35.98301136652507,0,33.07861310735799,15,15968.169999999998,14.324396299554536,0,0
Forecast planner,6,83.50778617398058,17.922195360949186,36.21744784220449,18,0,15,15958.629999999997,11.368142970826895,0,0
Forecast planner,7,88.94260823652493,35.83034594362701,47.32201114017809,18,-12.209748847280167,17.895796201201552,15949.089999999997,0,0,0
Forecast planner,8,88.07097610167037,53.392611134686504,66.9047053348327,0,-32.226340367848834,25.538943917268863,15949.089999999997,0,0,0
Forecast planner,9,88.24047940571562,66.9254507214739,66.14190694881069,0,-44.826878264568975,36.17057159560391,15949.089999999997,0,0,0
Forecast planner,10,90.02114762932906,72.61874410479166,36.5965638302167,0,-19.19416030567929,40.72286642112943,15949.089999999997,0,0,0
Forecast planner,11,89.34862187346911,80.91871833394806,49.553492671499086,0,-41.12358913197804,50.47618196247923,15949.089999999997,0,0,0
Forecast planner,12,88.88679363724779,84.83015394445496,60.81752620259322,0,-56.7608865098004,63.93820821607632,15949.089999999997,0,0,0
Forecast planner,13,89.53854875692497,81.15272981951797,50.73166460202266,0,-42.345845664615666,73.98140734703773,15949.089999999997,0,0,0
Forecast planner,14,90.90721333099549,71.52858986281792,31.41329400826028,0,-12.034670540082715,76.83568008176698,15949.089999999997,0,0,0
Forecast planner,15,90.58004819144297,63.10077039638032,37.68425568429976,0,-10.2049778892371,79.25600310189049,15949.089999999997,0,0,0
Forecast planner,16,89.35723620998948,52.928621727628524,61.27284601881437,0,-24.844231536453407,85.14832997977379,15949.089999999997,0,0,0
Forecast planner,17,88.84168551307627,37.73757347678979,75.1582894018394,0,-24.054177365552917,90.85327905853498,15949.089999999997,0,0,0
Forecast planner,18,87.29346096891203,20.571756995158914,90,0,-17.48411066152963,95,15949.089999999997,0,0,5.794185364717261
Forecast planner,19,89.14656377592934,1.0673384966318968e-14,73.28680005388713,0,15.859763722042189,90.82058529051976,15949.089999999997,0,0,0
Forecast planner,20,88.25883450052092,0,90,0,-1.7411654994790808,91.23353894764415,15949.089999999997,0,0,0
Forecast planner,21,89.59842243524272,0,67.88201911186302,0,21.71640332337971,85.51076419024999,15949.089999999997,0,0,0
Forecast planner,22,91.12651310405573,0,41.14129469451978,0,49.98521840953595,72.33850256399059,15949.089999999997,0,0,0
Forecast planner,23,86.65675978232554,0,22.486149806672067,0,64.17060997565346,55.42806203354167,15949.089999999997,0,0,0
Forecast planner,24,87.02281801824608,0,19.743012202432148,48,19.279805815813944,50.3473870982306,15932.049999999996,0,0,0
Forecast planner,25,86.59582977957534,0,25.14595917811576,48,13.44987060145958,46.80303498696801,15915.009999999995,0,0,0
Forecast planner,26,87.53044494812701,0,16.712306627821594,60,10.818138320305422,43.95220522572523,15894.969999999994,0,0,0
Forecast planner,27,86.9915224107576,0,22.64871572747249,60,4.342806683285104,42.80777517931003,15874.929999999993,0,0,0
Forecast planner,28,88.13653646944269,0,13.148692937698236,60,14.98784353174446,38.858131614765476,15854.889999999992,0,0,0
Forecast planner,29,88.11124543087162,0,13.885029164770232,60,14.226216266101389,35.10919445751411,15834.849999999991,0,0,0
Forecast planner,30,87.45211976453339,9.9668278703453,20.198267467354984,60,-2.7129755731668865,35.75263311108472,15814.80999999999,0,0,0
Forecast planner,31,94.58721640034706,18.613782641339085,11.435443067785263,60,4.537990691222703,34.556767562342586,15794.76999999999,0,0,0
Forecast planner,32,93.59914612509431,28.098797983591712,19.977039914677473,60,-14.476691773174878,37.99021648640166,15774.729999999989,0,0,0
Forecast planner,33,91.82152979070997,38.15283225284486,43.565512785227035,60,-49.89681524736193,49.82428529917277,15754.689999999988,0,0,0
Forecast planner,34,91.76835825068338,44.35091844987105,45.28249598888997,0,2.134943811922355,49.261678205659706,15754.689999999988,0,0,0
Forecast planner,35,90.2087034683059,51.417424150269845,77.84166538446426,0,-39.0503860664282,58.52329046657094,15754.689999999988,0,0,0
Forecast planner,36,88.6050934131969,56.54107796036994,90,0,-57.935984547173035,72.26401569057487,15754.689999999988,0,0,0
Forecast planner,37,90.05610983645757,52.801165125076906,83.50695053354676,0,-46.25200582216608,83.23364204678089,15754.689999999988,0,0,0
Forecast planner,38,89.84193125263158,49.65566967116675,89.85014378430328,0,-49.611321196012454,95,15754.689999999988,0,0,0.052561006826010725
Forecast planner,39,89.90070454469074,43.40453689838797,89.00541733185703,0,0,95,15754.689999999988,0,0,42.509249685554266
Forecast planner,40,88.91442921368863,36.26178591276803,90,0,0,95,15754.689999999988,0,0,37.3473566990794
Forecast planner,41,89.79387582340706,24.679912443293915,90,0,0,95,15754.689999999988,0,0,24.886036619886852
Forecast planner,42,89.5241265825828,12.908360870374302,90,0,0,95,15754.689999999988,0,0,13.384234287791514
Forecast planner,43,88.7699798014487,7.37783047131242e-15,90,0,0,95,15754.689999999988,0,0,1.2300201985513155
Forecast planner,44,89.99384389496683,0,88.13378177024045,0,1.860062124726383,94.50983059137104,15754.689999999988,0,0,0
Forecast planner,45,90.8503452264963,0,67.55165740102981,0,23.298687825466487,88.37008725622857,15754.689999999988,0,0,0
Forecast planner,46,91.73974905848775,0,49.77516842020175,0,41.964580638285994,77.31144926699638,15754.689999999988,0,0,0
Forecast planner,47,87.27615526888275,0,26.944006518468136,0,60.33214875041461,61.41253208504707,15754.689999999988,0,0,0
Forecast planner,48,86.29784959029035,0,40.00369521202881,0,46.294154378261545,49.212951236150175,15754.689999999988,0,0,0
Forecast planner,49,86.63813508204103,0,34.669542548538764,48,3.9685925335022603,48.16713527689974,15737.649999999987,0,0,0
Forecast planner,50,87.90467774660124,0,19.51641490097586,48,20.388262845625377,42.79435626636956,15720.609999999986,0,0,0
Forecast planner,51,88.76671320084856,0,12.160986008446052,48,28.605727192402504,35.2560852619191,15703.569999999985,0,0,0
Forecast planner,52,88.77509462260088,0,11.850415067078492,60,16.92467955552239,30.79604058992435,15683.529999999984,0,0,0
Forecast planner,53,87.51768575689972,0,22.28829312017397,60,5.229392636725748,29.41797463064378,15663.489999999983,0,0,0
Forecast planner,54,87.69724843315274,11.833522907803294,20.018021063396517,60,-4.15429553804708,30.403252328671538,15643.449999999983,0,0,0
Forecast planner,55,93.0558970146844,23.828448180980565,26.32896925259901,60,-17.101520418895177,34.459234026840456,15623.409999999982,0,0,0
Forecast planner,56,94.24757747649645,32.72387915624302,14.30213952062132,60,-12.778441200367894,37.48990746231785,15603.36999999998,0,0,0
Forecast planner,57,92.7079462748905,44.01376127100784,29.158006287520053,60,-40.4638212836374,47.08674531908978,15583.32999999998,0,0,0
Forecast planner,58,92.2368619215297,51.96404019670223,34.55314899638953,0,5.719672728437942,45.579479211371975,15583.32999999998,0,0,0
Forecast planner,59,92.58547820805893,55.73271866577648,29.0570201906465,0,7.795739351635945,43.52512151169082,15583.32999999998,0,0,0
Forecast planner,60,94.02459750075374,54.107896799941614,14.009431953999036,0,25.907268746813088,36.69795674552203,15583.32999999998,0,0,0
Forecast planner,61,92.25371755594091,57.06488541420561,31.423960960181905,0,3.7648711815533886,35.705826076285526,15583.32999999998,0,0,0
Forecast planner,62,90.99013966664684,55.72506577266228,49.67489389631152,0,-14.409820002326953,39.12341496731597,15583.32999999998,0,0,0
Forecast planner,63,90.91766438079907,48.77117722180515,49.490860396947745,0,-7.344373237953818,40.86528602368996,15583.32999999998,0,0,0
Forecast planner,64,91.75291791405644,37.85108234512852,34.855437188603986,0,19.046398380323936,35.84611934829283,15583.32999999998,0,0,0
Forecast planner,65,91.44498207236725,26.79200962968821,38.013747532909356,0,26.639224909769695,28.826067196929024,15583.32999999998,0,0,0
Forecast planner,66,90.85477395540782,14.13093617891562,45.91227764911799,0,30.811560127374214,20.70650817478483,15583.32999999998,0,0,0
Forecast planner,67,92.39769920761393,7.359634703638541e-15,23.407510062310156,60,8.99018914530376,18.33738531687797,15563.289999999979,0,0,0
Forecast planner,68,90.54875215659632,0,47.802917018749206,60,-17.25416486215289,22.429569823511592,15543.249999999978,0,0,0
Forecast planner,69,91.95089102659543,0,26.153500789781695,60,5.797390236813726,20.901823354082065,15523.209999999977,0,0,0
Forecast planner,70,90.55558637894246,0,44.182981421321614,60,-13.627395042379149,24.133843872242434,15503.169999999976,0,0,0
Forecast planner,71,85.72427350603448,0,26.318011287835333,58,1.4062622181991458,23.763261239163267,15483.629999999976,0,0,0
Forecast planner,72,84.19273969155438,0,46.621168434775655,60,-22.428428743221275,29.08263017671579,15463.589999999975,0,0,0
Forecast planner,73,85.14349687476306,0,30.725683624043032,53,1.4178132507200303,28.709003579295565,15445.299999999974,0,0,0
Forecast planner,74,85.08776476378776,0,29.974593809154236,53,2.1131709546335173,28.152134137466046,15427.009999999973,0,0,0
Forecast planner,75,86.39420745130201,0,15.27699560575646,60,11.117211845545555,25.22249158225538,15406.969999999972,0,0,0
Forecast planner,76,87.75731961284922,0,6.1342695314433415,60,21.62305008140588,19.52431756416106,15386.929999999971,0,0,0
Forecast planner,77,88.09384875779438,0,4.332236202931622,85,-1.2383874451372492,19.818026935590346,15355.179999999971,0,0,0
Forecast planner,78,88.78748222818461,12.772963529596945,2.0594512562853664,125,-51.044932557697706,31.924395677491024,15313.429999999971,0,0,0
Forecast planner,79,94.54126712444338,25.296587360328765,2.3355011652754283,60,6.9091785988391905,30.10366724972247,15293.38999999997,0,0,0
Forecast planner,80,95.32177849196995,35.27614928274826,0.8035337471387078,60,-0.757904537917014,30.283420093882114,15273.34999999997,0,0,0
Forecast planner,81,94.16130446434859,46.779575073050665,2.6567138090316162,33,11.725015582266309,27.193607190471536,15260.059999999969,0,0,0
Forecast planner,82,94.0837973381075,54.34150281698738,2.5388122211113817,0,37.203482300008744,17.38962877732259,15260.059999999969,0,0,0
Forecast planner,83,92.63993089110721,62.73224417692197,7.340808785599429,0,9.06800363834724,15,15260.059999999969,13.49887429023857,0,0
Forecast planner,84,93.88387340848485,61.39976084662626,2.415436392431507,60,-29.93132383057292,22.098836751651465,15240.019999999968,0,0,0
Forecast planner,85,92.06281876139406,64.78759669692874,9.083875941142974,60,-41.80865387667768,32.01462966334621,15219.979999999967,0,0,0
Forecast planner,86,91.07620122534763,62.48577236347385,14.97283562427894,0,13.617593237594846,28.42607875663737,15219.979999999967,0,0,0
Forecast planner,87,91.60095780775008,39.517613588969276,10.345785814969702,0,41.7375584038111,17.42726637910863,15219.979999999967,0,0,0
Forecast planner,88,90.11800508574052,33.52305322377782,21.381218331876493,0,9.210828295119615,15,15219.979999999967,26.002905234966587,0,0
Forecast planner,89,90.95704346620352,22.748373406914965,13.013210453250865,60,-4.804540393962313,16.13949680664027,15199.939999999966,0,0,0
Forecast planner,90,92.03038441163048,11.261281049118422,6.089745014937617,60,4.324086354566082,15,15179.899999999965,10.355271993008355,0,0
Forecast planner,91,92.00634161870302,6.240432485987439e-15,5.66538837329831,100,-13.659046754595295,18.239527380843906,15144.399999999965,0,0,0
Forecast planner,92,92.7469933721315,0,2.766233805029174,125,-35.019240432897675,26.54506950812022,15102.649999999965,0,0,0
Forecast planner,93,94.23135432024357,0,0.34104535736406594,125,-31.1096910371205,33.923380581727216,15060.899999999965,0,0,0
Forecast planner,94,95.36627918046474,0,0.0032245592946922807,60,35.36305462117005,24.604397446407198,15040.859999999964,0,0,0
Forecast planner,95,88.2294352163467,0,0.21132457824374598,60,28.018110638102954,17.220977000490617,15020.819999999963,0,0,0
Forecast planner,96,86.47224911733116,0,2.283744878972175,125,-40.81149576164101,26.900273099872656,14979.069999999963,0,0,0
Forecast planner,97,84.75168488091671,0,8.27822146437246,125,-48.52653658345574,38.409351792113085,14937.319999999963,0,0,0
Forecast planner,98,86.0777009190887,0,2.6935897643297513,60,23.384111154758948,32.24709743314738,14917.279999999962,0,0,0
Forecast planner,99,86.76625523234708,0,1.1278330882491925,60,25.638422144097888,25.490779967460124,14897.239999999962,0,0,0
Forecast planner,100,85.64300797578524,0,3.291745694386473,60,22.351262281398768,19.60070518504084,14877.19999999996,0,0,0
Forecast planner,101,84.10651976843164,0,9.486755416648716,60,14.61976435178292,15.748059001160076,14857.15999999996,0,0,0
Forecast planner,102,84.90254755514869,12.601011545252543,5.112585978238135,125,-57.81104996834199,29.459153388092506,14815.40999999996,0,0,0
Forecast planner,103,90.62692914993326,24.962563215939298,5.838066720746644,125,-65.17370078675268,44.91645374022598,14773.65999999996,0,0,0
Forecast planner,104,90.23708304334366,36.59187841869603,7.189853545108735,0,46.4553510795389,32.67439383071724,14773.65999999996,0,0,0
Forecast planner,105,90.9161320753669,44.99222157026463,4.029624790127831,0,41.89428571497444,21.634280180285998,14773.65999999996,0,0,0
Forecast planner,106,92.025073497384,49.965943386562934,1.2084564273948741,43,-2.1493263165738057,22.1440376749345,14757.869999999959,0,0,0
Forecast planner,107,91.289152662877,55.928189039228464,2.4662096077638314,36,-3.1052459841152995,22.880511425301652,14743.829999999958,0,0,0
Forecast planner,108,89.94055657138168,60.63442793687705,6.94330457008002,60,-37.6371759355754,31.806951474268928,14723.789999999957,0,0,0
Forecast planner,109,90.86900940667954,57.43970131161234,3.1484164287623555,60,-29.719108333695146,38.855456901551534,14703.749999999956,0,0,0
Forecast planner,110,90.57836221375463,53.94803873647694,3.802692036203074,60,-27.172368558925385,45.29994995663289,14683.709999999955,0,0,0
Forecast planner,111,91.96399066150826,30.883988045011694,0.7820738344906635,60,0.2979287820058971,45.221438828994685,14663.669999999955,0,0,0
Forecast planner,112,92.97337960780047,23.84069045345105,0.09045518539631642,60,9.042233968953099,42.838600955825015,14643.629999999954,0,0,0
Forecast planner,113,91.15476491645362,17.948284638088126,1.8193507237518598,60,11.387129554613637,39.837828838825196,14623.589999999953,0,0,0
Forecast planner,114,92.55674986016811,8.783168674383768,0.19467478428682955,60,23.578906401497505,33.6242414251038,14603.549999999952,0,0,0
Forecast planner,115,92.28561657487973,4.922448941485468e-15,0.3080295735360976,60,31.977587001343622,25.197407341733825,14583.509999999951,0,0,0
Forecast planner,116,91.8539982039627,0,0.6003560187500958,60,31.253642185212605,16.961349468300998,14563.46999999995,0,0,0
Forecast planner,117,90.10942707292313,0,4.024841306852633,125,-38.91541423392951,26.190950348412535,14521.71999999995,0,0,0
Forecast planner,118,90.47744179867905,0,2.8128030413846274,125,-37.335361242705574,35.045808757821845,14479.96999999995,0,0,0
Forecast planner,119,85.40828236916835,0,0.9623620980912723,60,24.445920271077078,28.603743128198143,14459.92999999995,0,0,0
Forecast planner,120,84.14678642551702,0,3.5693813539476418,60,20.57740507156938,23.1811207646932,14439.889999999948,0,0,0
Forecast planner,121,83.26232630232482,0,6.920583547432749,60,16.341742754892067,18.87469342785873,14419.849999999948,0,0,0
Forecast planner,122,83.27769593203011,0,6.749617528716305,100,-23.471921596686187,24.441548425840566,14384.349999999948,0,0,0
Forecast planner,123,83.05583805116933,0,7.766834151289358,125,-49.71099610012001,36.231546358250085,14342.599999999948,0,0,0
Forecast planner,124,81.97127240143837,0,14.743713077390257,60,7.227559324048116,34.32691724258517,14322.559999999947,0,0,0
Forecast planner,125,83.35448890194654,0,6.246977172831545,60,17.10751172911499,29.818692062414424,14302.519999999946,0,0,0
Forecast planner,126,84.21437302215334,6.257705265044665,3.1341960699688225,60,14.822471687139853,25.912627805354372,14282.479999999945,0,0,0
Forecast planner,127,91.35730951456429,11.82713532834138,0.8929766416445523,60,18.637197544578356,21.00129501840728,14262.439999999944,0,0,0
Forecast planner,128,90.56177601198537,17.703418231247042,2.2809085766753503,100,-29.422550795937028,27.97946564994436,14226.939999999944,0,0,0
Forecast planner,129,91.42696241333974,21.730855619010566,0.836539753517822,100,-31.140432959188644,35.36506781055536,14191.439999999944,0,0,0
Forecast planner,130,90.3610774465982,26.340661682334467,2.855591583728889,60,1.1648241805348505,35.05810968687792,14171.399999999943,0,0,0
Forecast planner,131,89.6458942914966,29.562928153324474,5.297940254008748,60,-5.214974115836611,36.294949397742904,14151.359999999942,0,0,0
Forecast planner,132,90.59777854639881,29.61110581280146,2.3930103671857705,60,-1.4063376335884072,36.62849165384421,14131.319999999942,0,0,0
Forecast planner,133,91.28040245687656,28.44259535872551,1.1651766528210457,60,1.6726304453300003,36.18771482959549,14111.27999999994,0,0,0
Forecast planner,134,90.76642890227191,27.075867851253918,2.170946161139865,60,1.5196148898781274,35.787261144735425,14091.23999999994,0,0,0
Forecast planner,135,89.81935905441318,24.571305004216875,5.175804957359997,60,0.07224909283631575,35.76822183704845,14071.199999999939,0,0,0
Forecast planner,136,88.5323649060002,20.706593656022434,12.425270633891918,60,-4.59949938391415,36.859088898276696,14051.159999999938,0,0,0
Forecast planner,137,87.77902435285648,14.930641566295092,19.036879591098554,60,-6.188496804537166,38.326819787902544,14031.119999999937,0,0,0
Forecast planner,138,88.5469521772834,7.536794892692545,13.106665790763575,60,7.903491493827289,36.24406690554747,14011.079999999936,0,0,0
Forecast planner,139,87.09318319010758,4.3972154477088136e-15,27.638889480486476,60,-0.5457062903789023,36.37349251637836,13991.039999999935,0,0,0
Forecast planner,140,88.63034229665374,0,13.43206219616514,60,15.198280100488603,32.368394046815304,13970.999999999935,0,0,0
Forecast planner,141,89.49510808070121,0,8.341619451436204,60,21.153488629265013,26.79396033623609,13950.959999999934,0,0,0
Forecast planner,142,88.22772528457321,0,17.93749319820413,60,10.290232086369087,24.082246082513354,13930.919999999933,0,0,0
Forecast planner,143,82.54621069586733,0,15.859268118788389,100,-33.31305742292106,31.983131378544076,13895.419999999933,0,0,0
Forecast planner,144,83.87322417937713,0,7.597389362703676,100,-23.724165183326548,37.60981119594743,13859.919999999933,0,0,0
Forecast planner,145,82.32762565464883,0,19.317082414828747,60,3.0105432398200804,36.816463393259596,13839.879999999932,0,0,0
Forecast planner,146,82.59617661873716,0,17.68005946822868,60,4.916117150508484,35.520952773274296,13819.839999999931,0,0,0
Forecast planner,147,81.16566469791229,0,35.133932808959145,48,-1.9682681110468536,35.987768544033194,13802.79999999993,0,0,0
Forecast planner,148,83.03177638046083,0,15.598322338572908,60,7.433454041887913,34.028881406153985,13782.75999999993,0,0,0
Forecast planner,149,81.78736645916707,0,29.50638552884693,60,-7.7190190696798595,35.85960752333866,13762.719999999928,0,0,0
Forecast planner,150,81.98960121276323,4.031801138310167,28.303735086947935,60,-10.345935012494863,38.31336146060614,13742.679999999928,0,0,0
Forecast planner,151,88.12440837364716,7.973455444930126,27.984539457472952,60,-7.833586528755916,40.1712596365222,13722.639999999927,0,0,0
Forecast planner,152,86.81926909197225,12.21266903774427,48.969950620209026,18,7.636649434018949,38.1588258112109,13713.099999999926,0,0,0
Forecast planner,153,87.86813579005525,15.066175789047147,34.26995973290506,0,38.53200026810305,28.004752173758877,13713.099999999926,0,0,0
Forecast planner,154,87.52794756659208,5.139273077213366,41.038969343570166,0,41.34970514580854,17.10814810399723,13713.099999999926,0,0,0
Forecast planner,155,87.14891292977171,6.0213515690393615,49.378773695692516,0,7.99985958431612,15,13713.099999999926,23.748928080723715,0,0
Forecast planner,156,87.10540249791293,6.6026984890333855,52.38992769717363,48,-19.887223688294085,19.716669239419783,13696.059999999925,0,0,0
Forecast planner,157,87.58308044064785,5.5551520159111725,46.15195070060279,48,-12.12402227586611,22.592133598996423,13679.019999999924,0,0,0
Forecast planner,158,88.04559588349628,5.362731748176793,40.7005180589139,60,-18.017653923594423,26.865395435838508,13658.979999999923,0,0,0
Forecast planner,159,89.86810378604085,4.618759451654648,19.59570558628247,59,6.653638748103731,25.11200767150858,13639.189999999922,0,0,0
Forecast planner,160,90.11567308523473,3.8474352091928194,18.50431863298214,60,7.7639192430597745,23.06603530670197,13619.149999999921,0,0,0
Forecast planner,161,89.78402316171521,2.847716644122178,23.1301688349685,56,7.806137682624538,21.008937406205124,13600.10999999992,0,0,0
Forecast planner,162,89.74671101015957,1.5335442611186219,25.020482492086117,54,9.192684256954834,18.586452400975972,13581.56999999992,0,0,0
Forecast planner,163,89.55913728441996,8.890189585557603e-16,28.850666046512767,51,9.70847123790719,16.02804559180754,13563.779999999919,0,0,0
Forecast planner,164,90.10295696566652,0,24.098514701718674,59,3.9011587303290787,15,13543.989999999918,3.1032835336187725,0,0
Forecast planner,165,91.51314363622896,0,12.64372987266754,60,0,15,13523.949999999917,18.869413763561425,0,0
Forecast planner,166,90.45677245010239,0,23.26953055013273,60,0,15,13503.909999999916,7.1872418999696635,0,0
Forecast planner,167,85.11483128287874,0,18.134667778718295,60,0,15,13483.869999999915,6.980163504160444,0,0
Forecast planner,168,83.42266301865811,0,40.43771693068261,60,-17.0150539120245,19.035474365441672,13463.829999999914,0,0,0
Forecast planner,169,82.45476305043718,0,60.20974635526303,0,15.313548520822039,15,13463.829999999914,6.931468174352112,0,0
Forecast planner,170,82.34231187373814,0,65.48368387642613,0,0,15,13463.829999999914,16.858627997312013,0,0
Forecast planner,171,81.37758296927105,0,90,0,-8.622417030728954,17.044985756469714,13463.829999999914,0,0,0
Forecast planner,172,80.92695942375224,0,90,0,-9.073040576247763,19.19684627077493,13463.829999999914,0,0,0
Forecast planner,173,79.69746153358071,0,90,0,-10.302538466419293,21.640307813428663,13463.829999999914,0,0,0
Forecast planner,174,78.88115181325492,26.245923250170875,90,0,-37.36477143691596,30.50214146284793,13463.829999999914,0,0,0
Forecast planner,175,85.67840857820542,51.537503474336496,90,0,-55.85909489613107,43.750289055892495,13463.829999999914,0,0,0
Forecast planner,176,86.84700461521754,59.429415319162636,90,0,-62.5824107039451,58.5930110025351,13463.829999999914,0,0,0
Forecast planner,177,87.58255120612549,73.28717221204917,90,0,-75.70462100592368,76.54793838592607,13463.829999999914,0,0,0
Forecast planner,178,87.26105493302876,85.98710694784829,90,0,-77.80072296831528,95,13463.829999999914,0,0,10.92532904650426
Forecast planner,179,86.14838807360789,97.24162753495403,90,0,0,95,13463.829999999914,0,0,101.09323946134614
Forecast planner,180,86.59391297367452,99.17461084674328,90,0,0,95,13463.829999999914,0,0,102.58069787306877
Forecast planner,181,86.81817104939925,75.82446986966987,90,0,0,95,13463.829999999914,0,0,79.00629882027063
Forecast planner,182,86.21528106397312,72.22272501502272,90,0,0,95,13463.829999999914,0,0,76.0074439510496
Forecast planner,183,86.73565755868593,62.30649635407522,90,0,0,95,13463.829999999914,0,0,65.57083879538929
Forecast planner,184,88.04001017960533,48.05775535987473,90,0,0,95,13463.829999999914,0,0,50.0177451802694
Forecast planner,185,88.0209114149714,33.77107621728543,90,0,0,95,13463.829999999914,0,0,35.750164802314046
Forecast planner,186,87.93339455614006,17.532187188878986,90,0,0,95,13463.829999999914,0,0,19.598792632738935
Forecast planner,187,89.84518082053327,9.10345625174337e-15,82.49523888963981,0,7.349941930893451,93.06312023570007,13463.829999999914,0,0,0
Forecast planner,188,91.39134229463151,0,51.61983453004364,0,39.771507764587874,82.58240769276928,13463.829999999914,0,0,0
Forecast planner,189,91.79678155857353,0,46.39955126122325,0,45.397230297350276,70.61918709253345,13463.829999999914,0,0,0
Forecast planner,190,90.79690258641853,0,67.88719661319033,0,22.9097059732282,64.58194947585298,13463.829999999914,0,0,0
Forecast planner,191,84.03622680591408,0,88.6462539084888,0,-4.610027102574719,65.67531340479619,13463.829999999914,0,0,0
Forecast planner,192,84.87313168426245,0,70.69099738412139,0,14.182134300141058,61.9379928655592,13463.829999999914,0,0,0
Forecast planner,193,86.047190923383,0,49.07025689156792,0,36.97693403181508,52.193715163031804,13463.829999999914,0,0,0
Forecast planner,194,86.05415019662232,0,50.58829159362537,0,35.465858602996946,42.84764079978616,13463.829999999914,0,0,0
Forecast planner,195,86.74957557365829,0,40.41051172216854,0,46.33906385148975,30.63622526556265,13463.829999999914,0,0,0
Forecast planner,196,85.08756881970655,0,74.02420607162739,48,-36.93663725192084,39.396517977324585,13446.789999999914,0,0,0
Forecast planner,197,83.81891865081084,0,90,18,-24.181081349189157,45.13156497851872,13437.249999999913,0,0,0
Forecast planner,198,82.71670091605318,13.89265933561903,90,0,-21.175958419565845,50.153884496732296,13437.249999999913,0,0,0
Forecast planner,199,88.15364952672195,27.95945853947863,90,0,-29.805809012756683,57.22295279555373,13437.249999999913,0,0,0
Forecast planner,200,89.0107517685876,39.485596123735796,90,0,-40.47484435514821,66.82240500328453,13437.249999999913,0,0,0
Forecast planner,201,90.21974438473245,47.93314010402194,90,0,-47.71339571928948,78.13863040632573,13437.249999999913,0,0,0
Forecast planner,202,89.84220897002331,56.55701308091999,90,0,-56.714804110896694,91.58972725937932,13437.249999999913,0,0,0
Forecast planner,203,90.60810284607223,60.10122012456561,90,0,-14.37897240366131,95,13437.249999999913,0,0,45.114144874832064
Forecast planner,204,90.01343503553463,63.60124421629307,90,0,0,95,13437.249999999913,0,0,63.587809180758455
Forecast planner,205,91.0508045643776,60.24562781364239,88.84391338158325,0,0,95,13437.249999999913,0,0,58.03873663084805
Forecast planner,206,90.72040770367767,56.856689210865426,90,0,0,95,13437.249999999913,0,0,56.13628150718776
Forecast planner,207,91.70944572410014,47.934207774074544,74.37069974797005,0,0,95,13437.249999999913,0,0,30.595461797944466
Forecast planner,208,90.46852299214342,40.378747701054984,90,0,0,95,13437.249999999913,0,0,39.91022470891156
Forecast planner,209,90.29497831374015,28.542059531407897,90,0,0,95,13437.249999999913,0,0,28.247081217667755
Forecast planner,210,89.05310440750438,15.454825750978486,90,0,0,95,13437.249999999913,0,0,16.401721343474108
Forecast planner,211,89.309499980515,8.520781208471873e-15,90,0,0,95,13437.249999999913,0,0,0.6905000194850146
Forecast planner,212,90.06702573988221,0,90,0,0.06702573988221161,94.98233716667619,13437.249999999913,0,0,0
Forecast planner,213,88.9741771816644,0,90,0,-0.074473044313555,95,13437.249999999913,0,0,0.9513497740220431
Forecast planner,214,90.40127007625938,0,90,0,0.4012700762593795,94.89425605017924,13437.249999999913,0,0,0
Forecast planner,215,85.1175459322242,0,90,0,-0.4458556402882193,95,13437.249999999913,0,0,4.436598427487577
Forecast planner,216,84.56153063975265,0,90,0,0,95,13437.249999999913,0,0,5.438469360247353
Forecast planner,217,84.34349342295206,0,90,0,0,95,13437.249999999913,0,0,5.656506577047935
Forecast planner,218,85.56294111447329,0,79.2326519047385,0,6.3302892097347865,93.33182232080424,13437.249999999913,0,0,0
Forecast planner,219,85.83598380204693,0,72.22502979161771,0,13.61095401042921,89.74502100407427,13437.249999999913,0,0,0
Forecast planner,220,86.45495780173206,0,58.40482012511694,0,28.050137676615122,82.353160692457,13437.249999999913,0,0,0
Forecast planner,221,86.1830920100139,0,63.26092350331918,0,22.922168506694717,76.31263890984567,13437.249999999913,0,0,0
Forecast planner,222,85.14845150157392,15.834103162996422,86.4857690747968,0,-17.171420736219318,80.38519892390805,13437.249999999913,0,0,0
Forecast planner,223,92.63752885066597,29.350723521617773,52.70186043962678,0,10.584944889421422,77.59582102741382,13437.249999999913,0,0,0
Forecast planner,224,91.2987048927333,44.67332965410826,80.43204397226229,0,-33.80666873363725,85.61377652499587,13437.249999999913,0,0,0
Forecast planner,225,89.8550695629751,59.50084597386367,90,0,-39.57579307780477,95,13437.249999999913,0,0,20.069983333083805
Forecast planner,226,91.09904844806104,66.04617052211051,82.70048830384246,0,0,95,13437.249999999913,0,0,57.64761037789194
Forecast planner,227,89.87262773045612,75.28775630193222,90,0,0,95,13437.249999999913,0,0,75.41512857147612
Forecast planner,228,90.98371021062763,74.73657160240988,82.45103455430994,0,0,95,13437.249999999913,0,0,66.20389594609219
Forecast planner,229,92.63169806216041,68.83299216015249,46.58327110890362,0,0,95,13437.249999999913,0,0,22.784565206895692
Forecast planner,230,90.95032485063979,68.1973399799321,79.77545171769528,0,0,95,13437.249999999913,0,0,57.022466846987584
Forecast planner,231,90.80243972966596,59.89678141356567,81.52568251088643,0,0,95,13437.249999999913,0,0,50.62002419478614
Forecast planner,232,89.69677636147054,50.06019385817275,90,0,0,95,13437.249999999913,0,0,50.3634174967022
Forecast planner,233,89.46874978565137,35.3906319570912,90,0,0,95,13437.249999999913,0,0,35.92188217143983
Forecast planner,234,88.94986810612937,18.62860011606376,90,0,0,95,13437.249999999913,0,0,19.678732009934393
Forecast planner,235,89.47354200501852,1.0147476686493295e-14,90,0,0,95,13437.249999999913,0,0,0.5264579949814987
Forecast planner,236,90.61512498825718,0,75.47358911516575,0,15.141535873091428,91.00985494732373,13437.249999999913,0,0,0
Forecast planner,237,92.27592582262713,0,41.18932983201859,0,51.08659599060854,77.54735484439466,13437.249999999913,0,0,0
Forecast planner,238,91.75914986693004,0,48.08678970950675,0,43.67236015742329,66.03867743667405,13437.249999999913,0,0,0
Forecast planner,239,86.03436730901689,0,41.786823726398765,0,44.24754358261812,54.37842588762072,13437.249999999913,0,0,0
Forecast planner,240,87.49816607041075,0,21.495561169134717,0,66.00260490127603,36.98521230493529,13437.249999999913,0,0,0
Forecast planner,241,88.59478929174888,0,11.405684951038308,60,17.18910434071057,32.45548558369092,13417.209999999912,0,0,0
Forecast planner,242,88.5776274122125,0,10.791398347996024,60,17.78622906421647,27.768402681323483,13397.169999999911,0,0,0
Forecast planner,243,87.18844959473583,0,21.265573502334206,60,5.922876092401623,26.207587785411228,13377.12999999991,0,0,0
Forecast planner,244,87.30463576340551,0,19.010607628466214,60,8.294028134939296,24.021919461750684,13357.08999999991,0,0,0
Forecast planner,245,86.42803441220448,0,27.071740425136483,55,4.356293987068,22.87393519871477,13338.299999999908,0,0,0
Forecast planner,246,86.15827866775513,17.561604947640177,28.907475931305527,48,-8.310802211190577,24.845015011504213,13321.259999999907,0,0,0
Forecast planner,247,91.9796845476991,34.61328988118833,29.638903144624248,0,27.72749152188652,17.538179427156724,13321.259999999907,0,0,0
Forecast planner,248,92.12662081958351,49.66489093917567,26.377609025617065,0,9.631713719996018,15,13321.259999999907,6.4524071347947505,0,0
Forecast planner,249,91.37175663333593,64.30773456226727,34.47144795910393,0,-7.407425888035263,16.75682530538151,13321.259999999907,0,0,0
Forecast planner,250,92.07076174246515,72.49806269751953,24.214454079625447,0,-4.641755034679818,17.857714174142167,13321.259999999907,0,0,0
Forecast planner,251,90.37835487350722,83.80465647441098,45.95699712450868,0,-39.38329872541243,27.198283604875385,13321.259999999907,0,0,0
Forecast planner,252,91.22588486085422,83.71601852065496,31.39266375184092,0,-23.88279741164166,32.862586358662504,13321.259999999907,0,0,0
Forecast planner,253,92.63258015873514,77.74245980908688,15.278404222126253,0,-0.38828387247799867,32.95467596484307,13321.259999999907,0,0,0
Forecast planner,254,92.78965456510377,71.69457919889301,13.095382546586665,0,7.9996928196241015,30.846571807200846,13321.259999999907,0,0,0
Forecast planner,255,93.9928407518464,59.55936800345774,5.57456553528526,0,28.858907213103393,23.241582009128432,13321.259999999907,0,0,0
Forecast planner,256,94.89473243601569,45.94439334454605,2.308219070319559,0,31.274604806294963,15,13321.259999999907,15.367515214855114,0,0
Forecast planner,257,93.02883657932477,34.61313141369571,9.07958770692683,40,0,15,13306.219999999907,9.336117458702233,0,0
Forecast planner,258,91.37877911191669,18.96557631548615,20.937658252163388,60,-8.524455455732848,17.021752128957335,13286.179999999906,0,0,0
Forecast planner,259,91.29800119494158,1.050917573276302e-14,20.503323165619555,60,7.672009910159568,15,13266.139999999905,3.122668119162446,0,0
Forecast planner,260,90.78336387402075,0,24.611385870131205,60,0,15,13246.099999999904,6.171978003889549,0,0
Forecast planner,261,92.17106964794206,0,11.31811802248335,125,-44.1470483745413,25.470391862788848,13204.349999999904,0,0,0
Forecast planner,262,92.02712572956527,0,11.468235071908486,125,-44.44110934234321,36.01052640776827,13162.599999999904,0,0,0
Forecast planner,263,86.99504838392926,0,5.612004481039739,48,33.38304390288952,27.213321910890954,13145.559999999903,0,0,0
Forecast planner,264,85.8010156958832,0,11.384394047954805,60,14.416621647928395,23.414208529862304,13125.519999999902,0,0,0
Forecast planner,265,86.86923767550374,0,5.168058960393795,100,-18.298821284890053,27.754155061608916,13090.019999999902,0,0,0
Forecast planner,266,87.47453296669474,0,2.817982333217447,100,-15.343449366522705,31.39317359873487,13054.519999999902,0,0,0
Forecast planner,267,86.80976718554923,0,4.532441113938994,60,22.277326071610233,25.522582718356567,13034.479999999901,0,0,0
Forecast planner,268,87.65730378916192,0,1.8786600236581417,60,25.778643765503773,18.72931361093228,13014.4399999999,0,0,0
Forecast planner,269,86.5333054418362,0,4.742790071075548,60,14.151750143535624,15,12994.3999999999,7.638765227225035,0,0
Forecast planner,270,86.22913288016565,19.235669292405966,5.5197457679327515,100,-38.52628218017307,24.13731011007783,12958.8999999999,0,0,0
Forecast planner,271,91.03871675517976,39.33250521403967,11.314634279402966,125,-84.60842273826287,44.20395949162466,12917.1499999999,0,0,0
Forecast planner,272,91.18955960980915,56.42263400315912,9.726975110174939,0,25.0399504964751,37.605353152730885,12917.1499999999,0,0,0
Forecast planner,273,91.7304005292626,69.62433658843207,6.375586241139688,0,15.730477699690837,33.460008301605114,12917.1499999999,0,0,0
Forecast planner,274,93.16367682486376,76.27277225511864,1.6563386463854426,0,15.234565923359682,29.445347678121546,12917.1499999999,0,0,0
Forecast planner,275,93.53448940143875,81.64323754772319,0.9420995929858956,0,10.949152260729662,26.559992712130924,12917.1499999999,0,0,0
Forecast planner,276,92.88017461736104,86.22414998759551,1.8578769691340635,0,4.798147660631457,25.295569782347254,12917.1499999999,0,0,0
Forecast planner,277,92.26444508696981,68.57591071063634,3.1311432560586425,32,-11.44260887972517,28.0094227649272,12904.109999999899,0,0,0
Forecast planner,278,91.39626412957807,65.73831839452184,5.921038661412286,60,-40.26309292635605,37.55865371169964,12884.069999999898,0,0,0
Forecast planner,279,92.1913899631057,55.64455297626203,2.900605499226287,45,-11.3537685123826,40.25143635110694,12867.779999999897,0,0,0
Forecast planner,280,90.81139448670837,46.879029341833146,8.006338570659848,60,-24.07397342578463,45.961080477795385,12847.739999999896,0,0,0
Forecast planner,281,91.62015367976157,31.824721127082686,4.212562155509617,60,-4.417129602830741,47.00869474767789,12827.699999999895,0,0,0
Forecast planner,282,90.94520864027751,16.799913605973433,6.678853485117944,60,7.466441549186129,45.0411146383492,12807.659999999894,0,0,0
Forecast planner,283,90.63218694851136,9.390778433523264e-15,7.9310348239042385,60,22.70115212460712,39.05883578637178,12787.619999999893,0,0,0
Forecast planner,284,90.6556873460379,0,7.521367031669081,60,23.134320314368807,32.96240709359611,12767.579999999893,0,0,0
Forecast planner,285,90.68099497142447,0,7.138647317541811,60,23.542347653882658,26.75845375578023,12747.539999999892,0,0,0
Forecast planner,286,89.28577718023342,0,15.96000727934332,60,13.325769900890108,23.246805050602816,12727.49999999989,0,0,0
Forecast planner,287,82.5253773383382,0,22.739491141812596,60,-0.21411380347439035,23.29758659791237,12707.45999999989,0,0,0
Forecast planner,288,92.09890853887313,0,0,93,-0.9010914611268674,23.511299202709118,12673.70999999989,0,0,0
Forecast planner,289,91.95762093305392,0,0,94,-2.042379066946083,23.995691929984055,12639.70999999989,0,0,0
Forecast planner,290,92.22856634076167,0,0,94,-1.7714336592383262,24.41582431151503,12605.70999999989,0,0,0
Forecast planner,291,94.03269657033593,0,0,95,-0.9673034296640708,24.645240463482352,12571.45999999989,0,0,0
Forecast planner,292,95.25647565679706,0,0,96,-0.7435243432029353,24.821582745005003,12536.95999999989,0,0,0
Forecast planner,293,95.13102299593578,0,0,95,0.13102299593577982,24.78705515392033,12502.70999999989,0,0,0
Forecast planner,294,95.35349416483153,0,0,97,-1.646505835168469,25.17755830041209,12467.95999999989,0,0,0
Forecast planner,295,100.99356115143539,0,0,100,0.9935611514353866,24.915731947645817,12432.45999999989,0,0,0
Forecast planner,296,102.06486903576356,0,0,105,-2.9351309642364356,25.61185937848632,12395.70999999989,0,0,0
Forecast planner,297,100.63607150342652,0,0,100,0.6360715034265212,25.444239819690033,12360.20999999989,0,0,0
Forecast planner,298,101.10215498937356,0,0,103,-1.8978450106264404,25.89435328565749,12323.95999999989,0,0,0
Forecast planner,299,99.64159648192698,0,0,101,-1.3584035180730183,26.21652696805972,12288.20999999989,0,0,0
Forecast planner,300,100.71922252313236,0,0,125,-24.28077747686764,31.975218982056074,12246.45999999989,0,0,0
Forecast planner,301,100.91348044742696,0,0,125,-24.086519552573037,37.68783868397937,12204.70999999989,0,0,0
Forecast planner,302,100.36054930681011,0,0,125,-24.639450693189886,43.53159752042147,12162.95999999989,0,0,0
Forecast planner,303,99.06436751642983,0,0,100,-0.9356324835701741,43.75350224799061,12127.45999999989,0,0,0
Forecast planner,304,98.5304816557352,0,0,60,38.5304816557352,33.599828800035695,12107.41999999989,0,0,0
Forecast planner,305,98.82795463378451,0,0,60,38.827954633784515,23.367764339331686,12087.379999999888,0,0,0
Forecast planner,306,98.85588759351947,0,0,125,-26.14411240648053,29.568385034927513,12045.629999999888,0,0,0
Forecast planner,307,99.44804374310895,0,0,125,-25.551956256891046,35.628563568284974,12003.879999999888,0,0,0
Forecast planner,308,100.12831507549879,0,0,125,-24.87168492450121,41.52740158884724,11962.129999999888,0,0,0
Forecast planner,309,98.69479318179495,0,0,99,-0.30520681820505047,41.59978774156781,11926.879999999888,0,0,0
Forecast planner,310,98.21270341800277,0,0,60,38.212703418002775,31.52985621211864,11906.839999999887,0,0,0
Forecast planner,311,91.14285102963466,0,0,60,31.142851029634656,23.322994371704848,11886.799999999886,0,0,0
Forecast planner,312,91.96645865662626,0,0,125,-33.03354134337374,31.157586608684802,11845.049999999886,0,0,0
Forecast planner,313,91.09582255191526,0,0,125,-33.90417744808474,39.19866832846952,11803.299999999886,0,0,0
Forecast planner,314,90.71932814320797,0,0,60,30.719328143207974,31.103414568248827,11783.259999999886,0,0,0
Forecast planner,315,90.99767095771438,0,0,60,30.997670957714377,22.934811036012967,11763.219999999885,0,0,0
Forecast planner,316,90.25846168242484,0,0,60,30.11049081220958,15,11743.179999999884,0.14797087021525712,0,0
Forecast planner,317,90.67669187243925,0,0,88,0,15,11710.679999999884,2.6766918724392497,0,0
Forecast planner,318,89.42795815891621,0,0,87,0,15,11678.429999999884,2.427958158916212,0,0
Forecast planner,319,96.34401345889756,0,0,125,-28.655986541102436,21.796363955176048,11636.679999999884,0,0,0
Forecast planner,320,98.38857997463636,0,0,100,-1.6114200253636426,22.178545771227704,11601.179999999884,0,0,0
Forecast planner,321,97.77201102921406,0,0,94,3.772011029214056,21.184533586928342,11567.179999999884,0,0,0
Forecast planner,322,96.80421911319681,0,0,93,3.804219113196808,20.18203382725769,11533.429999999884,0,0,0
Forecast planner,323,97.52766398251984,0,0,93,4.52766398251984,18.988889605201734,11499.679999999884,0,0,0
Forecast planner,324,99.196282162019,0,0,125,-25.803717837980997,25.1087786403269,11457.929999999884,0,0,0
Forecast planner,325,97.76872734988967,0,0,125,-27.231272650110327,31.567242027281754,11416.179999999884,0,0,0
Forecast planner,326,96.74100428855462,0,0,125,-28.25899571144538,38.26945134006409,11374.429999999884,0,0,0
Forecast planner,327,98.55063631562592,0,0,60,38.55063631562592,28.110466672882445,11354.389999999883,0,0,0
Forecast planner,328,98.08418179562196,0,0,60,38.08418179562196,18.07440356470856,11334.349999999882,0,0,0
Forecast planner,329,98.06481071437008,0,0,60,11.666541253223896,15,11314.309999999881,26.398269461146185,0,0
Forecast planner,330,98.76834403501888,0,0,125,-26.231655964981115,21.22138347354618,11272.559999999881,0,0,0
Forecast planner,331,97.92706362723612,0,0,125,-27.072936372763877,27.64229411505251,11230.809999999881,0,0,0
Forecast planner,332,96.72910995881976,0,0,125,-28.270890041180238,34.347324415825085,11189.059999999881,0,0,0
Forecast planner,333,97.27936756582443,0,0,125,-27.72063243417557,40.92184966625001,11147.309999999881,0,0,0
Forecast planner,334,96.08992695495704,0,0,48,48.089926954957036,28.249041192184194,11130.26999999988,0,0,0
Forecast planner,335,88.8788449329744,0,0,60,28.878844932974403,20.638797343599883,11110.22999999988,0,0,0
Forecast planner,336,90.73803263506669,0,0,125,-34.26196736493331,28.764736392965883,11068.47999999988,0,0,0
Forecast planner,337,90.46453993711313,0,0,100,-9.53546006288687,31.026269318188003,11032.97999999988,0,0,0
Forecast planner,338,90.9294293972377,0,0,125,-34.0705706027623,39.10681463966086,10991.22999999988,0,0,0
Forecast planner,339,90.55894819276565,0,0,60,30.558948192765655,31.05382470730872,10971.189999999879,0,0,0
Forecast planner,340,89.66511723780441,0,0,60,29.66511723780441,23.23637991335999,10951.149999999878,0,0,0
Forecast planner,341,91.80041248921955,0,0,60,31.25486424081344,15,10931.109999999877,0.5455482484061136,0,0
Forecast planner,342,91.80381989697626,0,0,92,-0.19618010302373534,15.046528196787111,10897.609999999877,0,0,0
Forecast planner,343,96.82100816573734,0,0,98,-1.1789918342626606,15.326150662212843,10862.609999999877,0,0,0
Forecast planner,344,95.54892894252099,0,0,96,-0.45107105747901244,15.433131556828924,10828.109999999877,0,0,0
Forecast planner,345,96.67605421029883,0,0,100,-3.3239457897011704,16.22147452040763,10792.609999999877,0,0,0
Forecast planner,346,96.83285686955075,0,0,98,-1.1671431304492472,16.498286818980528,10757.609999999877,0,0,0
Forecast planner,347,97.9044866277066,0,0,100,-2.0955133722933965,16.995281453264592,10722.109999999877,0,0,0
Forecast planner,348,98.2177443791831,0,0,100,-1.7822556208168976,17.417980488346004,10686.609999999877,0,0,0
Forecast planner,349,98.013424449019,0,0,100,-1.9865755509810015,17.8891382497288,10651.109999999877,0,0,0
Forecast planner,350,96.93845198195976,0,0,100,-3.0615480180402415,18.615248117452406,10615.609999999877,0,0,0
Forecast planner,351,98.63641205254399,0,0,100,-1.3635879474560113,18.93865139524603,10580.109999999877,0,0,0
Forecast planner,352,97.99636859568292,0,0,100,-2.003631404317076,19.413854307427307,10544.609999999877,0,0,0
Forecast planner,353,98.37649669458074,0,0,100,-1.6235033054192627,19.798901924972572,10509.109999999877,0,0,0
Forecast planner,354,99.40798638634604,0,0,100,-0.5920136136539611,19.939310281845582,10473.609999999877,0,0,0
Forecast planner,355,98.33403684999632,0,0,100,-1.6659631500036767,20.33442813573961,10438.109999999877,0,0,0
Forecast planner,356,99.73330121630923,0,0,100,-0.2666987836907708,20.397681306164067,10402.609999999877,0,0,0
Forecast planner,357,101.30156192109405,0,0,100,1.3015619210940486,20.054689623963938,10367.109999999877,0,0,0
Forecast planner,358,102.27865570032876,0,0,100,2.2786557003287555,19.454211122600192,10331.609999999877,0,0,0
Forecast planner,359,96.09863706136579,0,0,97,-0.9013629386342075,19.667988113941192,10296.859999999877,0,0,0
Forecast planner,360,97.47883528573814,0,0,99,-1.5211647142618574,20.028764003442195,10261.609999999877,0,0,0
Forecast planner,361,98.38590868823437,0,0,99,-0.6140913117656339,20.17440854617969,10226.359999999877,0,0,0
Forecast planner,362,98.10563024592942,0,0,97,1.1056302459294187,19.8830493939206,10191.609999999877,0,0,0
Forecast planner,363,97.27148781692426,0,0,96,1.2714878169242638,19.54798293403428,10157.109999999877,0,0,0
Forecast planner,364,98.15620518482466,0,0,96,2.156205184824657,18.979772976808427,10122.609999999877,0,0,0
Forecast planner,365,99.12367396798082,0,0,96,3.123673967980821,18.156612609592155,10088.109999999877,0,0,0
Forecast planner,366,98.40094349837516,0,0,96,2.400943498375156,17.523908443905633,10053.609999999877,0,0,0
Forecast planner,367,104.77257749100839,0,0,100,4.772577491008391,16.26622384546911,10018.109999999877,0,0,0
Forecast planner,368,105.36331902240174,0,0,125,-19.63668097759826,20.923471663617537,9976.359999999877,0,0,0
Forecast planner,369,104.43890191885649,0,0,100,4.438901918856487,19.753718299144335,9940.859999999877,0,0,0
Forecast planner,370,103.51369893420936,0,0,100,3.5136989342093585,18.827777328793694,9905.359999999877,0,0,0
Forecast planner,371,102.07343256158379,0,0,100,2.073432561583786,18.281379873013517,9869.859999999877,0,0,0
Forecast planner,372,100.6209898455508,0,0,98,2.6209898455507954,17.590688403337396,9834.859999999877,0,0,0
Forecast planner,373,100.83010029517048,0,0,98,2.8301002951704817,16.844891491716265,9799.859999999877,0,0,0
Forecast planner,374,100.3636223098778,0,0,97,3.3636223098777975,15.958499184402053,9765.109999999877,0,0,0
Forecast planner,375,99.72746994272484,0,0,96,3.6372486697490736,15,9730.609999999877,0.09022127297576432,0,0
Forecast planner,376,99.53305711369332,0,0,97,0,15,9695.859999999877,2.5330571136933173,0,0
Forecast planner,377,101.34358247911572,0,0,98,0,15,9660.859999999877,3.3435824791157245,0,0
Forecast planner,378,102.20352985557892,0,0,125,-22.79647014442108,20.406657620129863,9619.109999999877,0,0,0
Forecast planner,379,101.99192683846258,0,0,125,-23.008073161537425,25.863501302298573,9577.359999999877,0,0,0
Forecast planner,380,100.58104426910273,0,0,125,-24.418955730897267,31.65496516673285,9535.609999999877,0,0,0
Forecast planner,381,100.57791671522443,0,0,125,-24.422083284775567,37.44717079569915,9493.859999999877,0,0,0
Forecast planner,382,99.7273202146282,0,0,125,-25.272679785371807,43.44111309803942,9452.109999999877,0,0,0
Forecast planner,383,93.07248028845498,0,0,0,93.07248028845498,18.914360998652505,9452.109999999877,0,0,0
Forecast planner,384,82.28811697376099,0,90,0,-7.711883026239008,20.743394654530555,9452.109999999877,0,0,0
Forecast planner,385,82.15103474717029,0,90,0,-7.848965252829714,22.60494021511515,9452.109999999877,0,0,0
Forecast planner,386,82.06265529937214,0,90,0,-7.937344700627861,24.487446802204,9452.109999999877,0,0,0
Forecast planner,387,80.87274416056863,0,90,0,-9.12725583943137,26.652165595179646,9452.109999999877,0,0,0
Forecast planner,388,81.91617939025475,0,90,0,-8.083820609745246,28.5694119944051,9452.109999999877,0,0,0
Forecast planner,389,83.67353379080302,0,90,0,-6.32646620919698,30.06986520149163,9452.109999999877,0,0,0
Forecast planner,390,82.28469658537131,2.425038238716716,90,0,-10.140341653345402,32.47485839225531,9452.109999999877,0,0,0
Forecast planner,391,87.49542364368645,5.2863583482131755,90,0,-7.79093470452672,34.32264079985196,9452.109999999877,0,0,0
Forecast planner,392,87.63340188400682,8.258071042655889,90,0,-10.62466915864907,36.84250234438265,9452.109999999877,0,0,0
Forecast planner,393,87.23880838283324,11.212258487880618,90,0,-13.973450105047377,40.15659702708281,9452.109999999877,0,0,0
Forecast planner,394,89.03381601889564,13.176956068660951,90,0,-14.143140049765321,43.51093721388323,9452.109999999877,0,0,0
Forecast planner,395,90.93293946182558,14.007913270155806,90,0,-13.074973808330228,46.611939532485934,9452.109999999877,0,0,0
Forecast planner,396,89.46907935497897,15.912772863147293,90,0,-16.443693508168323,50.511903879851175,9452.109999999877,0,0,0
Forecast planner,397,89.99581456636253,15.970732630491238,90,0,-15.974918064128715,54.300688368642255,9452.109999999877,0,0,0
Forecast planner,398,91.66767294348871,14.42671378529759,90,0,-12.759040841808883,57.326760605084374,9452.109999999877,0,0,0
Forecast planner,399,93.26883609891766,12.104183297781402,57.230052022322674,0,23.93460077881359,51.019439492760135,9452.109999999877,0,0,0
Forecast planner,400,92.813668202797,10.08129958466748,65.01145526088038,0,17.720913357249145,46.34956879047609,9452.109999999877,0,0,0
Forecast planner,401,93.98925869288783,6.840626493353753,41.784898085290926,0,45.36373411424315,34.39517520953531,9452.109999999877,0,0,0
Forecast planner,402,93.81054742763695,3.602098646154163,43.339008739161116,48,-1.1305599576783294,34.663311046858844,9435.069999999876,0,0,0
Forecast planner,403,93.22762821446315,2.071099078525332e-15,51.94037992539771,31,10.287248289065445,31.952383092765757,9422.279999999875,0,0,0
Forecast planner,404,94.54275296353092,0,30.200693221257357,60,4.3420597422735625,30.808149882590076,9402.239999999874,0,0,0
Forecast planner,405,94.73549251392873,0,26.700344936240082,60,8.035147577688647,28.69070257583333,9382.199999999873,0,0,0
Forecast planner,406,94.61887725529584,0,26.948180781917987,60,7.670696473377859,26.669296567858737,9362.159999999873,0,0,0
Forecast planner,407,88.76149190418916,0,24.189119736686614,60,4.572372167502536,25.464370704586326,9342.119999999872,0,0,0
Forecast planner,408,88.6960075679612,0,23.79284275387651,60,4.90316481408469,24.172273324944353,9322.07999999987,0,0,0
Forecast planner,409,86.99293479936799,0,45.82721912298763,60,-18.83428432361964,28.639216067082497,9302.03999999987,0,0,0
Forecast planner,410,88.5099362827348,0,23.51738326752643,60,4.992553015208372,27.323562828149186,9281.999999999869,0,0,0
Forecast planner,411,89.56455342939401,0,13.037223999019519,60,16.527329430374493,22.968229108156127,9261.959999999868,0,0,0
Forecast planner,412,90.09573011204185,0,8.883664061228615,60,21.212066050813235,17.378358891614226,9241.919999999867,0,0,0
Forecast planner,413,88.96442397218792,0,15.966150545285188,60,9.025237428977395,15,9221.879999999866,3.973035997925333,0,0
Forecast planner,414,89.17711392794297,4.183929310282071,13.37428650093821,100,-28.38110188327731,21.73116933423379,9186.379999999866,0,0,0
Forecast planner,415,94.2495755992766,8.59204020325563,20.33479117481763,100,-34.67725577879665,29.955602679126304,9150.879999999866,0,0,0
Forecast planner,416,94.72398172234463,12.298029261934108,15.043691245569793,60,7.3822612148407245,28.010206035691443,9130.839999999866,0,0,0
Forecast planner,417,94.98880610214135,15.482279214791822,12.153772726875864,60,7.3527541604736655,26.07258518382678,9110.799999999865,0,0,0
Forecast planner,418,93.23620806645123,19.372878528882374,27.421320783499958,60,-13.557991245931106,29.288145146359255,9090.759999999864,0,0,0
Forecast planner,419,94.68836347331737,20.10329509494032,12.54174049070536,60,2.043327887671694,28.74968096872732,9070.719999999863,0,0,0
Forecast planner,420,94.617494151642,20.96865905906335,12.166406396903255,60,1.4824286956753951,28.359026706466743,9050.679999999862,0,0,0
Forecast planner,421,93.97335391890297,21.253995206102157,16.157609452408934,50,6.561749260391878,26.629853948319777,9033.139999999861,0,0,0
Forecast planner,422,95.3072290716305,18.886574278610954,6.718289426817155,60,9.7023653662024,24.07305617762534,9013.09999999986,0,0,0
Forecast planner,423,96.02179000409552,16.128422490802443,3.4957064008592433,60,16.397661112433838,19.75189305972023,8993.05999999986,0,0,0
Forecast planner,424,95.67118416234702,13.224699987475526,4.222650585789046,60,18.032166319514943,15,8973.019999999859,0.19166726956750324,0,0
Forecast planner,425,95.3339342355842,9.453780614516106,4.992290142781859,100,-19.112136521713765,19.532841177052774,8937.519999999859,0,0,0
Forecast planner,426,94.83507534979611,5.011031795754401,6.570129098418003,125,-41.746085544376285,29.433794705787214,8895.769999999859,0,0,0
Forecast planner,427,96.10688836206116,6.474741449491134e-16,1.9955699915864413,125,-30.88868162952528,36.75968879596981,8854.019999999859,0,0,0
Forecast planner,428,94.75245036760708,0,5.8234512507551,60,28.928999116851983,29.136228159448823,8833.979999999858,0,0,0
Forecast planner,429,93.54033883432871,0,11.806078065053121,60,21.73426076927558,23.408747551869308,8813.939999999857,0,0,0
Forecast planner,430,93.08260830877721,0,14.240902705048597,60,18.841705603728613,18.44352215935761,8793.899999999856,0,0,0
Forecast planner,431,86.7507629254371,0,15.925159806694229,60,10.825603118742876,15.590725251003464,8773.859999999855,0,0,0
Forecast planner,432,88.3838380131827,0,5.315200293589252,125,-41.931362280406546,25.535621015985217,8732.109999999855,0,0,0
Forecast planner,433,88.90329527269154,0,3.1400100922690104,125,-39.236714819577486,34.841425020911274,8690.359999999855,0,0,0
Forecast planner,434,89.5323792305482,0,1.466192814077211,60,28.06618641647099,27.445335495000656,8670.319999999854,0,0,0
Forecast planner,435,88.47282868302318,0,3.7270132264598264,60,24.745815456563356,20.92424054492235,8650.279999999853,0,0,0
Forecast planner,436,88.56315919483441,0,3.1151300403824367,60,22.480912234406023,15,8630.239999999852,2.9671169200459495,0,0
Forecast planner,437,88.73985515085351,0,2.3711510921443395,125,-38.63129594129083,24.1622163103873,8588.489999999852,0,0,0
Forecast planner,438,89.13748604814688,1.9138270445990881,1.369179296044793,100,-14.145520292496997,27.51712102131893,8552.989999999852,0,0,0
Forecast planner,439,93.87910983504318,4.049079339918158,4.220086680409614,125,-39.39005618528458,36.85929312438164,8511.239999999852,0,0,0
Forecast planner,440,92.3260591619734,6.359961662993555,11.423713724899791,60,14.542383774080065,33.02703851318426,8491.199999999852,0,0,0
Forecast planner,441,93.94176234718948,7.7421367068964795,3.3571918518263892,60,22.842433788466607,27.007528673755647,8471.15999999985,0,0,0
Forecast planner,442,94.93359622081726,8.840243415762938,1.0546860507116633,60,25.03866675434267,20.40926063061744,8451.11999999985,0,0,0
Forecast planner,443,94.23851326398508,10.116579810086046,2.1017830305942753,100,-17.979849576695244,24.673556379335285,8415.61999999985,0,0,0
Forecast planner,444,95.52166897679328,10.140483661273615,0.3092271240283708,100,-14.92804180850871,28.214052363418286,8380.11999999985,0,0,0
Forecast planner,445,94.15586079149307,10.72338502332919,1.8919032801689137,125,-43.45942751200502,38.52136061928732,8338.36999999985,0,0,0
Forecast planner,446,95.24472795514544,9.748370704128995,0.3739000800371822,60,25.12245717097926,31.901011862593602,8318.329999999849,0,0,0
Forecast planner,447,96.61330264982874,8.202440113061902,0.0005659929788756384,60,28.410296543787965,24.4142413559953,8298.289999999848,0,0,0
Forecast planner,448,95.21138487841631,7.108296646461781,0.2925823146952676,60,27.810505917259263,17.085529557651178,8278.249999999847,0,0,0
Forecast planner,449,96.18476914083385,4.871465866362606,0.008377924515074249,100,-8.695074650043836,19.147747581600928,8242.749999999847,0,0,0
Forecast planner,450,95.92713248265152,2.5865894195497248,0.02312804224042132,125,-31.682584979138625,26.66193238379465,8200.999999999847,0,0,0
Forecast planner,451,95.10889059752114,1.5065689802769548e-15,0.23238679178234997,125,-30.123496194261207,33.80634681339061,8159.249999999847,0,0,0
Forecast planner,452,95.2543860415182,0,0.14313321417825473,125,-29.888747172660047,40.89508562397989,8117.499999999847,0,0,0
Forecast planner,453,96.66759902253025,0,0,60,36.667599022530254,31.232324853899947,8097.459999999847,0,0,0
Forecast planner,454,96.2388690125975,0,0.00006698755944076555,60,36.23880202503806,21.68256201431307,8077.419999999847,0,0,0
Forecast planner,455,89.18160757583294,0,0.11270813840530387,125,-35.93110056257237,30.20437076038453,8035.669999999847,0,0,0
Forecast planner,456,88.2871391291805,0,0.6270504443688826,100,-12.339911315188374,33.13103770142047,8000.169999999847,0,0,0
Forecast planner,457,87.84656499626706,0,1.0971495197920282,125,-38.250584523524964,42.20296037095487,7958.419999999847,0,0,0
Forecast planner,458,87.16145294892311,0,2.2808227215462016,60,24.880630227376912,35.646338609376194,7938.379999999847,0,0,0
Forecast planner,459,86.11860646402891,0,5.4564240524012195,60,20.662182411627697,30.201375455158335,7918.339999999847,0,0,0
Forecast planner,460,86.55836381080738,0,3.7627203404187166,60,22.79564347038866,24.1941959471939,7898.299999999847,0,0,0
Forecast planner,461,86.42231625626275,0,4.137066558664411,125,-42.714750302401654,34.32488849526555,7856.549999999847,0,0,0
Forecast planner,462,85.44250244704928,1.776268163627622,8.342244199156095,125,-49.67600991573444,46.10658872547779,7814.799999999847,0,0,0
Forecast planner,463,90.48607336340335,3.724601283416009,14.576509605200222,60,12.184962474787113,42.895569173477014,7794.759999999847,0,0,0
Forecast planner,464,91.98815364633677,5.2811528539619825,5.634379608163155,60,21.072621184211627,37.342445905808404,7774.7199999998475,0,0,0
Forecast planner,465,92.61022037785989,6.721062166836624,3.4080786121163578,60,22.481079598906902,31.418161256467535,7754.6799999998475,0,0,0
Forecast planner,466,92.6729282879569,8.009044189846447,3.2303463661675154,60,21.43353773194295,25.76992812745927,7734.6399999998475,0,0,0
Forecast planner,467,91.95326147938826,9.205311358970574,5.80807399287689,100,-23.0601238724592,31.239116719653758,7699.1399999998475,0,0,0
Forecast planner,468,90.47082188661389,10.27422766468677,14.780248217360864,100,-34.583653995433735,39.441350452410234,7663.6399999998475,0,0,0
Forecast planner,469,91.17326847670546,10.101776155252352,9.978811594295815,60,11.092680727157301,36.51817241450441,7643.599999999848,0,0,0
Forecast planner,470,90.14918943714167,9.971698583253605,17.82927193765988,60,2.3482189162281912,35.89936239617331,7623.559999999848,0,0,0
Forecast planner,471,89.62040325993374,9.076710879730953,23.307600552037947,59,-1.763908171835169,36.31770995165202,7603.769999999848,0,0,0
Forecast planner,472,90.56027793380397,7.226638379765668,14.84025917724319,60,8.493380376795116,34.07950769958104,7583.729999999848,0,0,0
Forecast planner,473,89.54804940970725,5.351522854197769,24.849830099552786,59,0.34669645595668896,33.988145161453424,7563.939999999848,0,0,0
Forecast planner,474,89.29530056869376,2.845380965338309,28.297428733863725,57,1.1524908694917286,33.68443715060828,7544.649999999848,0,0,0
Forecast planner,475,90.6753457595371,1.5374217043171964e-15,14.908142813592104,60,15.767202945944987,29.529414347333045,7524.609999999848,0,0,0
Forecast planner,476,89.30072275418223,0,29.42829214262128,58,1.872430611560958,29.03598555623682,7505.069999999848,0,0,0
Forecast planner,477,90.2209768479398,0,19.84401430304799,60,10.376962544891796,26.301415819893876,7485.029999999848,0,0,0
Forecast planner,478,89.46487339852268,0,28.8169243655122,58,2.647949033010491,25.603619980531082,7465.489999999848,0,0,0
Forecast planner,479,82.30038410446822,0,46.87934390396907,48,-12.57895979950085,28.586982247689907,7448.449999999848,0,0,0
Forecast planner,480,82.58624483427909,0,43.25677357189339,48,-8.670528737614305,30.643378697350325,7431.409999999848,0,0,0
Forecast planner,481,82.4466391833964,0,46.80446397893503,60,-24.357824795538633,36.42034408744237,7411.369999999848,0,0,0
Forecast planner,482,82.78917687951892,0,42.41012723480857,0,40.37904964471035,25.77953020158425,7411.369999999848,0,0,0
Forecast planner,483,81.89690051935708,0,60.01235258488995,0,21.884547934467122,20.01244544858013,7411.369999999848,0,0,0
Forecast planner,484,83.52851017807777,0,33.88224950531515,0,19.020893117829143,15,7411.369999999848,30.625367554933472,0,0
Forecast planner,485,85.47222819171861,0,14.193637846063197,60,0,15,7391.329999999848,11.278590345655417,0,0
Forecast planner,486,84.40342088933812,3.698898376214013,25.19969425037648,60,-4.495171737252377,16.06612358725001,7371.289999999848,0,0,0
Forecast planner,487,89.94055475361222,7.474016511720759,32.08977236401974,60,-9.62323412212828,18.348473958473235,7351.249999999848,0,0,0
Forecast planner,488,90.44772491545592,10.773805760094941,26.97677227766371,60,-7.302853122302736,20.0804976547844,7331.209999999848,0,0,0
Forecast planner,489,89.90941472991292,14.024190192970392,35.33160019474366,25,15.553624342198873,15.981757755452183,7319.919999999848,0,0,0
Forecast planner,490,91.0389791264428,15.864009938470138,22.719584812551705,39,3.7255087413161854,15,7305.129999999848,9.729875634104763,0,0
Forecast planner,491,92.0555749091958,16.887287496608984,14.423308050097145,48,0,15,7288.089999999848,12.744979362489673,0,0
Forecast planner,492,91.63862402415208,17.904415524950807,18.976344206518185,60,-5.242135707316919,16.243281647911445,7268.049999999848,0,0,0
Forecast planner,493,91.21725238385642,5.340035825100415,24.480190538758112,60,1.3970260199978952,15.875132966768671,7248.009999999848,0,0,0
Forecast planner,494,89.9276533206262,5.481931186643449,43.71060969107229,60,-19.264887557089537,20.444202232826672,7227.969999999848,0,0,0
Forecast planner,495,91.402220650181,4.783678218987285,25.10914044216965,60,1.509401989024056,20.0464398836513,7207.929999999848,0,0,0
Forecast planner,496,90.32779080828345,4.1719556771633535,41.23964449127056,60,-15.083809360150468,23.62387938638949,7187.889999999848,0,0,0
Forecast planner,497,92.19863699141311,2.8615641488058383,19.433883988045576,60,9.903188854561705,21.014159979788744,7167.8499999998485,0,0,0
Forecast planner,498,91.60632890776594,1.570951709061082,27.143950810292527,55,7.891426388412327,18.934586531877116,7149.0599999998485,0,0,0
Forecast planner,499,91.1462836600889,9.189745670853721e-16,34.800119589460586,60,-3.653835929371695,19.801169811880065,7129.019999999849,0,0,0
Forecast planner,500,89.69698999618687,0,62.08702961154399,60,-32.39003961535711,27.48314221345101,7108.979999999849,0,0,0
Forecast planner,501,89.47209694154475,0,69.80310888858823,0,19.66898805295652,22.299908753619082,7108.979999999849,0,0,0
Forecast planner,502,89.146571569567,0,80.61786348922786,0,8.528708080339143,20.05239683423958,7108.979999999849,0,0,0
Forecast planner,503,84.16142257272804,0,60.88871100455725,0,19.17249796706552,15,7108.979999999849,4.1002136011052706,0,0
Forecast planner,504,84.65207863652887,0,53.96940752726092,60,-29.317328890732057,21.953215065522826,7088.939999999849,0,0,0
Forecast planner,505,83.70102082600017,0,77.18974313976283,60,-53.488722313762636,34.63917943880494,7068.899999999849,0,0,0
Forecast planner,506,85.28209242676755,0,47.61075089631819,33,4.671341530449354,33.40817285840854,7055.609999999849,0,0,0
Forecast planner,507,83.98984967656686,0,76.96110234695637,0,7.028747329610496,31.555935303458927,7055.609999999849,0,0,0
Forecast planner,508,84.47780764049278,0,68.96315328939502,0,15.51465435109776,27.46746489848304,7055.609999999849,0,0,0
Forecast planner,509,83.26986732368022,0,90,0,-6.7301326763197835,29.063656014405186,7055.609999999849,0,0,0
Forecast planner,510,84.79117931769676,24.24823473357397,68.24410090401503,0,-7.701156319892235,30.890145608494667,7055.609999999849,0,0,0
Forecast planner,511,91.53572907870978,46.28590575850588,55.787338091171705,0,-10.537514770967817,33.389336675039104,7055.609999999849,0,0,0
Forecast planner,512,92.8524118038941,63.70583454547037,36.0664812496085,0,-6.919903991184768,35.030536010176625,7055.609999999849,0,0,0
Forecast planner,513,93.66962114324033,77.78599473947762,27.165117312450036,0,-11.281490908687317,37.70617651072172,7055.609999999849,0,0,0
Forecast planner,514,92.90282307904766,92.49836606900061,39.4380435412861,0,-39.03358653123905,46.963804412020714,7055.609999999849,0,0,0
Forecast planner,515,92.9226191574808,100.35439676097465,41.26465333091139,0,-48.69643093440524,58.51317708755588,7055.609999999849,0,0,0
Forecast planner,516,93.72475445063179,100.27917951209123,31.649662419052916,0,-38.20408748051236,67.57407201506157,7055.609999999849,0,0,0
Forecast planner,517,95.1057174158555,93.04561904035546,17.899503596322518,0,-15.839405220822485,71.33071681107367,7055.609999999849,0,0,0
Forecast planner,518,94.21289000283673,89.17823373025932,28.84674056678242,0,-23.812084294205007,76.97824847649449,7055.609999999849,0,0,0
Forecast planner,519,92.948877473159,81.1126838326559,49.84827910404695,0,-38.012085463543855,85.99360612732768,7055.609999999849,0,0,0
Forecast planner,520,92.14773346101752,66.5749309547991,68.39556937641811,0,-37.9742908563054,95,7055.609999999849,0,0,4.848476013894285
Forecast planner,521,92.19661397219241,46.2611977138312,70.162983638342,0,0,95,7055.609999999849,0,0,24.227567379980798
Forecast planner,522,92.93671402489815,23.113781038553416,57.27948143655139,0,12.543451549793346,91.69451028189035,7055.609999999849,0,0,0
Forecast planner,523,91.47592513450292,1.339480984095827e-14,90,0,1.4759251345029014,91.30556985848038,7055.609999999849,0,0,0
Forecast planner,524,91.60542120322508,0,90,0,1.6054212032250774,90.8825042246371,7055.609999999849,0,0,0
Forecast planner,525,93.1721263294629,0,59.84107239140806,0,33.331053938054836,82.09900028645559,7055.609999999849,0,0,0
Forecast planner,526,92.03140124279113,0,88.93148489989885,0,3.0999163428922856,81.28210060316233,7055.609999999849,0,0,0
Forecast planner,527,85.77579269560272,0,90,19,-23.224207304397282,86.79020499819845,7045.819999999849,0,0,0
Forecast planner,528,86.75063305944015,0,76.53345385402255,30,-19.782820794582406,91.48211291723513,7033.279999999849,0,0,0
Forecast planner,529,85.29638980443352,0,90,0,-4.703610195566483,92.59767202550364,7033.279999999849,0,0,0
Forecast planner,530,86.34509214274028,0,90,0,-3.6549078572597153,93.46450953552761,7033.279999999849,0,0,0
Forecast planner,531,85.60181499269113,0,90,0,-4.398185007308868,94.50763070007014,7033.279999999849,0,0,0
Forecast planner,532,84.17236500767413,0,90,0,-2.0760112502945973,95,7033.279999999849,0,0,3.751623742031272
Forecast planner,533,85.52675626534227,0,90,0,0,95,7033.279999999849,0,0,4.4732437346577285
Forecast planner,534,87.25535775402852,22.918767769885438,78.54804814022316,0,0,95,7033.279999999849,0,0,14.21145815608007
Forecast planner,535,93.85125021775085,43.730238795234264,66.8329108962913,0,0,95,7033.279999999849,0,0,16.711899473774707
Forecast planner,536,94.87926831578469,60.45316720026995,48.3102920994554,0,0,95,7033.279999999849,0,0,13.88419098394067
Forecast planner,537,94.94992939846183,75.6194204015132,48.416846750541,0,0,95,7033.279999999849,0,0,29.08633775359236
Forecast planner,538,94.01557976845115,90.3231834917452,68.2720426061618,0,0,95,7033.279999999849,0,0,64.57964632945587
Forecast planner,539,92.37610324414021,103.75737757859223,90,0,0,95,7033.279999999849,0,0,101.38127433445203
Forecast planner,540,92.53282896196112,105.8644491806283,90,0,0,95,7033.279999999849,0,0,103.33162021866718
Forecast planner,541,92.0321379779914,105.06653171626611,90,0,0,95,7033.279999999849,0,0,103.03439373827473
Forecast planner,542,91.10293398412688,100.25936109519363,90,0,0,95,7033.279999999849,0,0,99.15642711106676
Forecast planner,543,91.72421280039913,85.2009937822533,90,0,0,95,7033.279999999849,0,0,83.47678098185418
Forecast planner,544,90.48285374309248,70.86442521109642,90,0,0,95,7033.279999999849,0,0,70.38157146800395
Forecast planner,545,92.2307500697591,46.48177057241137,90,0,0,95,7033.279999999849,0,0,44.25102050265227
Forecast planner,546,93.13210350117049,23.092314759875997,90,0,0,95,7033.279999999849,0,0,19.9602112587055
Forecast planner,547,93.60378988505113,1.2495504168663973e-14,89.00657849832315,0,4.597211386727963,93.78852842772321,7033.279999999849,0,0,0
Forecast planner,548,95.27510161587618,0,52.396702159757815,0,42.878399456118366,82.48907803573495,7033.279999999849,0,0,0
Forecast planner,549,93.5177511050275,0,90,0,3.5177511050275,81.5620692246132,7033.279999999849,0,0,0
Forecast planner,550,93.57592343403729,0,90,0,3.5759234340372927,80.6197306587858,7033.279999999849,0,0,0
Forecast planner,551,86.33521705966862,0,90,0,-3.664782940331378,81.488910250404,7033.279999999849,0,0,0
Forecast planner,552,84.85606880819358,0,90,0,-5.143931191806416,82.70890065240096,7033.279999999849,0,0,0
Forecast planner,553,86.21636989089603,0,90,0,-3.7836301091039672,83.60626732502796,7033.279999999849,0,0,0
Forecast planner,554,87.58193672691999,0,90,0,-2.4180632730800085,84.17976138522805,7033.279999999849,0,0,0
Forecast planner,555,87.10607678578927,0,90,0,-2.89392321421073,84.86611554001864,7033.279999999849,0,0,0
Forecast planner,556,86.04796102907787,0,90,0,-3.952038970922132,85.80342388125828,7033.279999999849,0,0,0
Forecast planner,557,86.06508384598948,0,90,0,-3.934916154010523,86.73667118989302,7033.279999999849,0,0,0
Forecast planner,558,85.33253190033699,24.66448361633347,90,0,-29.33195171599648,93.69335436294051,7033.279999999849,0,0,0
Forecast planner,559,92.24809643243407,46.61394525615168,90,0,-5.509301743772937,95,7033.279999999849,0,0,38.856547079944676
Forecast planner,560,92.67826365608016,65.99478551356873,90,0,0,95,7033.279999999849,0,0,63.31652185748857
Forecast planner,561,93.39384963223907,66.32290427386424,90,0,0,95,7033.279999999849,0,0,62.929054641625186
Forecast planner,562,94.03674530572364,75.07231761583321,75.15282551116192,0,0,95,7033.279999999849,0,0,56.188397821271494
Forecast planner,563,93.01082998157166,84.89935577841088,90,0,0,95,7033.279999999849,0,0,81.88852579683923
Forecast planner,564,92.30645099812048,89.93159183613992,90,0,0,95,7033.279999999849,0,0,87.62514083801943
Forecast planner,565,93.78091830136822,83.63800395435662,77.59639264274621,0,0,95,7033.279999999849,0,0,67.45347829573461
Forecast planner,566,93.961693802963,77.19884092046516,71.97171248471774,0,0,95,7033.279999999849,0,0,55.20885960221989
Forecast planner,567,92.5954651157939,70.85498187508854,90,0,0,95,7033.279999999849,0,0,68.25951675929463
Forecast planner,568,93.32654210192538,55.37293685964223,84.06724563430737,0,0,95,7033.279999999849,0,0,46.11364039202422
Forecast planner,569,92.29612572733527,40.24200607799256,90,0,0,95,7033.279999999849,0,0,37.94588035065729
Forecast planner,570,93.43907057377572,19.926280548357152,77.64554624814669,0,0,95,7033.279999999849,0,0,4.132756222728119
Forecast planner,571,92.64948216630916,1.1351154665803704e-14,90,0,2.6494821663091415,94.30180014453884,7033.279999999849,0,0,0
Forecast planner,572,93.06350582035668,0,82.84893249989572,0,10.214573320460957,91.61002372625171,7033.279999999849,0,0,0
Forecast planner,573,94.42085011678773,0,51.67890577409044,0,42.741944342697295,80.34653241399572,7033.279999999849,0,0,0
Forecast planner,574,93.97459039076759,0,58.46135640438544,0,35.51323398638215,70.98797354103999,7033.279999999849,0,0,0
Forecast planner,575,87.9226982277613,0,57.63306003313785,0,30.28963819462345,63.0059530245866,7033.279999999849,0,0,0
Forecast planner,576,87.41634544370626,0,66.06462250277228,0,21.351722940933982,57.379279986068255,7033.279999999849,0,0,0
Forecast planner,577,86.88268265584273,0,75.85309090921507,0,11.02959174662766,54.47272735430674,7033.279999999849,0,0,0
Forecast planner,578,87.23064241212649,0,65.69572110474908,0,21.534921307377402,48.79777730732311,7033.279999999849,0,0,0
Forecast planner,579,85.74786402353882,0,90,0,-4.252135976461176,49.806259902800214,7033.279999999849,0,0,0
Forecast planner,580,86.62308808558438,0,74.51426013459668,0,12.108827950987703,46.61530355944764,7033.279999999849,0,0,0
Forecast planner,581,87.04856113899658,0,62.69033768986759,0,24.358223449128985,40.196348071566796,7033.279999999849,0,0,0
Forecast planner,582,87.46029955071114,16.94266604158904,52.400151910330194,0,18.117481598791912,35.42197246170252,7033.279999999849,0,0,0
Forecast planner,583,94.24191017526044,32.23944854610701,37.53392929031627,0,24.46853233883715,28.97394802901816,7033.279999999849,0,0,0
Forecast planner,584,94.19146695113074,46.61575008700029,36.561642167197874,0,11.014074696932568,26.071484498890186,7033.279999999849,0,0,0
Forecast planner,585,92.91366417363565,61.5587566918555,56.108106524961144,0,-24.753199043180985,31.942221125286625,7033.279999999849,0,0,0
Forecast planner,586,92.65108947409297,71.99091630137707,58.9046927805352,0,-38.244519607819285,41.012705373762515,7033.279999999849,0,0,0
Forecast planner,587,93.96513061139089,74.61730854949673,34.6513371280555,0,-15.303515066161339,44.64225265994543,7033.279999999849,0,0,0
Forecast planner,588,92.76186294573756,80.33155360185,52.099365875147654,0,-39.66905653126008,54.05059550510245,7033.279999999849,0,0,0
Forecast planner,589,93.0091640364995,77.98972817225273,45.56943735573162,0,-30.55000149148485,61.29616454769994,7033.279999999849,0,0,0
Forecast planner,590,94.50492118282146,68.52427250364364,23.39084495460643,0,2.5898037245713823,60.61369134249719,7033.279999999849,0,0,0
Forecast planner,591,94.44644628334427,59.844024384720704,22.677020836757425,0,11.92540106186614,57.471072228623235,7033.279999999849,0,0,0
Forecast planner,592,93.19420356679082,38.2206483691846,36.77200095806297,0,18.201554239543256,52.674541532619,7033.279999999849,0,0,0
Forecast planner,593,92.69847546582956,27.220365434412866,42.425093367456256,0,23.053016663960435,46.59953823295805,7033.279999999849,0,0,0
Forecast planner,594,93.74792200215575,13.517001863868321,26.22788955624017,55,-0.9969694179527551,46.83599029182778,7014.489999999849,0,0,0
Forecast planner,595,94.1520707762906,7.36843838306533e-15,20.527392010675626,60,13.62467876561496,43.24557218453822,6994.449999999849,0,0,0
Forecast planner,596,94.90854468133367,0,12.983140599773991,60,21.925404081559677,37.46772089143149,6974.409999999849,0,0,0
Forecast planner,597,95.7553249340406,0,7.1118699927152385,60,28.64345494132536,29.91950775218209,6954.369999999849,0,0,0
Forecast planner,598,97.16311374208131,0,1.9512306223339002,60,35.211883119747405,20.640361805345652,6934.329999999849,0,0,0
Forecast planner,599,89.94268277902952,0,5.188313705916484,84,0.7543690731130397,20.441568099726712,6902.829999999849,0,0,0
Forecast planner,600,90.15831533977556,0,3.9611207948089793,125,-38.80280545503342,29.6444614629001,6861.079999999849,0,0,0
Forecast planner,601,90.126940331628,0,3.6688148912389043,125,-38.54187455961089,38.785469630465315,6819.329999999849,0,0,0
Forecast planner,602,90.68877864986533,0,1.9174751014729703,60,28.771303548392353,31.20356542504828,6799.289999999849,0,0,0
Forecast planner,603,89.19807585087071,0,6.278537759719208,60,22.919538091151495,25.16373681779606,6779.249999999849,0,0,0
Forecast planner,604,87.84428832079573,0,13.615197755207006,60,14.22909056558872,21.414042216123242,6759.209999999849,0,0,0
Forecast planner,605,86.31787616923236,0,27.204115677285746,60,-0.8862395080533787,21.624232370963927,6739.169999999849,0,0,0
Forecast planner,606,87.27561556762197,10.362771672234821,16.32293890786467,60,0.5899049875224733,21.468778757325243,6719.129999999849,0,0,0
Forecast planner,607,94.52177735937094,19.440436602536664,7.301995144736447,60,7.779345612097828,19.41874118733642,6699.089999999849,0,0,0
Forecast planner,608,95.14915072580732,27.469989866849495,4.22256848950117,60,3.4565923694566436,18.50784911814965,6679.049999999849,0,0,0
Forecast planner,609,93.94016996483441,36.2917937092859,9.26724715072769,58,-9.618870895179185,20.789164659239823,6659.509999999849,0,0,0
Forecast planner,610,94.3624972432044,41.45840420923111,6.529448793671114,57,-10.625355759697825,23.309189045507363,6640.219999999849,0,0,0
Forecast planner,611,93.3091309247005,46.93711027362776,11.96570116312624,60,-25.59368051205351,29.379263354863884,6620.179999999849,0,0,0
Forecast planner,612,92.61425141167786,49.67536946820227,16.565975281552547,60,-33.62709333807696,37.35462880781871,6600.139999999849,0,0,0
Forecast planner,613,91.4510678220456,50.734756574120084,27.496635195250125,34,-20.780323947324604,42.28311537204521,6586.599999999849,0,0,0
Forecast planner,614,90.52291301246484,48.66781114188533,38.80366006675125,0,3.0514418038282543,41.478989851416046,6586.599999999849,0,0,0
Forecast planner,615,90.03739433027518,43.20062847772911,45.10826080287056,0,1.7285050496755048,41.02348877607629,6586.599999999849,0,0,0
Forecast planner,616,91.15751156350827,33.42428772819293,27.820036060312777,48,-18.086812224997445,45.31315294428402,6569.559999999849,0,0,0
Forecast planner,617,90.36765326121704,24.017596832683527,37.29787817274163,45,-15.947821744208113,49.095510976538286,6553.2699999998495,0,0,0
Forecast planner,618,90.89092938226186,12.184004529536935,29.130699597967677,60,-10.423774745242753,51.56772622740142,6533.2299999998495,0,0,0
Forecast planner,619,90.7268792043213,6.7829790281768855e-15,30.265888715086863,60,0.4609904892344332,51.446244566930076,6513.1899999998495,0,0,0
Forecast planner,620,89.96809533946228,0,39.96267541195775,58,-7.9945800724954665,53.34232571435605,6493.64999999985,0,0,0
Forecast planner,621,88.66401588959994,0,62.22901395018658,0,26.43500193941336,46.37609104106317,6493.64999999985,0,0,0
Forecast planner,622,88.11269127978403,0,72.91620172845832,0,15.196489551325712,42.37146442263488,6493.64999999985,0,0,0
Forecast planner,623,83.31350031033546,0,47.62651380253177,0,35.68698650780369,32.96711773993838,6493.64999999985,0,0,0
Forecast planner,624,83.672570543944,0,40.83474754644722,0,42.83782299749679,21.678360183669103,6493.64999999985,0,0,0
Forecast planner,625,83.30778445034728,0,45.972991259798555,46,-8.665206809451277,23.733494427239105,6477.10999999985,0,0,0
Forecast planner,626,82.63733062754994,0,57.39615520053143,48,-22.758824572981496,29.1312236161514,6460.06999999985,0,0,0
Forecast planner,627,83.09336571499333,0,48.21010206963523,60,-25.1167363546419,35.088180686448126,6440.02999999985,0,0,0
Forecast planner,628,83.59144516705297,0,39.48627777414284,50,-5.8948326070898815,36.48626299623556,6422.48999999985,0,0,0
Forecast planner,629,83.05264036261542,0,47.776367946152064,41,-5.723727583536643,37.84376418650862,6407.19999999985,0,0,0
Forecast planner,630,81.85598953515628,13.88381999638314,71.11480258291482,0,-3.142633044141675,38.589105056728336,6407.19999999985,0,0,0
Forecast planner,631,88.38055952863746,27.264306545581984,59.474105658043214,0,1.6421473250122602,38.15636124001237,6407.19999999985,0,0,0
Forecast planner,632,89.53519381501391,39.229452512866544,38.925550118802434,0,11.380191183344934,35.1574175443843,6407.19999999985,0,0,0
Forecast planner,633,88.72257554160137,49.70989298780877,52.36273363313482,0,-13.350051079342222,38.3236601661576,6407.19999999985,0,0,0
Forecast planner,634,87.81946837509645,57.73164276270654,70.71131674346277,0,-40.62349113107285,47.9583670522956,6407.19999999985,0,0,0
Forecast planner,635,88.60010482240969,62.87817843059601,54.510172261424394,0,-28.788245869610705,54.78609906146343,6407.19999999985,0,0,0
Forecast planner,636,87.57979256451205,65.01445339025535,76.30486089505804,0,-53.73952172080135,67.5315457369002,6407.19999999985,0,0,0
Forecast planner,637,88.56021205843155,63.79621802819918,55.501260620251855,0,-30.737266590019487,74.82152859731958,6407.19999999985,0,0,0
Forecast planner,638,87.41109186274319,59.44076334208535,80.9158415277905,0,-52.945513007132675,87.37865957146533,6407.19999999985,0,0,0
Forecast planner,639,86.35932126420559,52.083586598924306,90,0,-32.134392770257705,95,6407.19999999985,0,0,23.589872564461018
Forecast planner,640,85.46732738095247,41.992540685979584,90,0,0,95,6407.19999999985,0,0,46.52521330502711
Forecast planner,641,85.86176018433412,29.524645301961186,90,0,0,95,6407.19999999985,0,0,33.66288511762707
Forecast planner,642,87.37032937351012,15.264319142035323,84.50903118071437,0,0,95,6407.19999999985,0,0,12.403020949239576
Forecast planner,643,88.39237463388275,8.4560887174422e-15,61.90820596332948,0,26.484168670553267,88.02080875541485,6407.19999999985,0,0,0
Forecast planner,644,88.81063603917228,0,54.478775184584656,0,34.331860854587624,78.97356903770887,6407.19999999985,0,0,0
Forecast planner,645,88.85465370550924,0,54.542045663549146,0,34.31260804196009,69.93140288160852,6407.19999999985,0,0,0
Forecast planner,646,88.54645643272184,0,61.6596264245758,0,26.886830008146042,62.846101057649776,6407.19999999985,0,0,0
Forecast planner,647,81.63506349807582,0,83.79454155447382,0,-2.159478056398001,63.35826624880261,6407.19999999985,0,0,0
Forecast planner,648,81.22901585000955,0,90,0,-8.770984149990454,65.43848779144304,6407.19999999985,0,0,0
Forecast planner,649,82.61593925854201,0,64.03476182833137,0,18.581177430210644,60.541917600844705,6407.19999999985,0,0,0
Forecast planner,650,82.07068848349529,0,77.91230742511814,0,4.158381058377145,59.44608797389692,6407.19999999985,0,0,0
Forecast planner,651,82.81029217829169,0,62.98658541025204,0,19.82370676803965,54.22208255270522,6407.19999999985,0,0,0
Forecast planner,652,82.00826719942128,0,83.20517619392764,0,-1.1969089945063587,54.505954445798864,6407.19999999985,0,0,0
Forecast planner,653,83.75198505398028,0,48.064764922527985,0,35.68722013145229,45.101546197865304,6407.19999999985,0,0,0
Forecast planner,654,84.8908872511177,15.811334578809754,31.962952150286757,0,37.116600522021194,35.32046314351683,6407.19999999985,0,0,0
Forecast planner,655,92.74114746056037,29.105189264895657,13.831828280587802,60,-10.195870084923087,37.73862605818169,6387.15999999985,0,0,0
Forecast planner,656,92.82671009114422,29.76899468727045,13.898741172114654,60,-10.841025768240883,40.30980107819803,6367.11999999985,0,0,0
Forecast planner,657,94.56310911761022,35.30489034875854,4.779759735144328,0,54.47845903370735,25.95346658130711,6367.11999999985,0,0,0
Forecast planner,658,94.64981017353901,40.819156130279154,4.8355485220682315,0,41.565483205762064,15,6367.11999999985,7.429622315429562,0,0
Forecast planner,659,94.29543423772914,45.04134870290259,6.781683387247574,0,0,15,6367.11999999985,42.472402147578975,0,0
Forecast planner,660,93.2320285482769,48.30831435548078,13.955768324152816,48,-17.032054131356688,19.039506321477585,6350.07999999985,0,0,0
Forecast planner,661,91.78033913010798,49.82315274757442,29.62811654006762,48,-35.67093015753406,27.499610238072318,6333.03999999985,0,0,0
Forecast planner,662,91.45669731285577,46.837937464314685,35.50686518038351,0,9.111894668157575,25.098415158828814,6333.03999999985,0,0,0
Forecast planner,663,90.69307834746046,41.97736624994427,49.58364317606584,0,-0.8679310785496597,25.304263088348574,6333.03999999985,0,0,0
Forecast planner,664,90.08323843903563,34.4267830125451,63.73123479343856,0,-8.074779366948036,27.2193651685652,6333.03999999985,0,0,0
Forecast planner,665,90.79588509521298,23.589791493997478,52.10762293348514,0,15.098470667730368,23.24056879395926,6333.03999999985,0,0,0
Forecast planner,666,91.9895710215466,11.701373472052053,34.82082323427813,60,-14.532625684783596,26.687283609952782,6312.99999999985,0,0,0
Forecast planner,667,91.70113679767013,6.542737365467956e-15,40.992747806624685,48,2.708388991045439,25.973560443167038,6295.95999999985,0,0,0
Forecast planner,668,93.08688704719069,0,24.285601449226032,60,8.80128559796465,23.654218040899927,6275.91999999985,0,0,0
Forecast planner,669,92.78863136840124,0,29.345786189594843,60,3.442845178806394,22.74694867453677,6255.87999999985,0,0,0
Forecast planner,670,92.8800093282054,0,29.866879584937614,58,5.013129743267797,21.425872991648323,6236.33999999985,0,0,0
Forecast planner,671,87.11739154519552,0,28.577107491045417,54,4.540284054150106,20.22940308871019,6217.79999999985,0,0,0
Forecast planner,672,87.10280414056857,0,30.467618022111473,60,-3.364813881542915,21.027438771327258,6197.75999999985,0,0,0
Forecast planner,673,86.91945601002718,0,34.771952575032465,48,4.147503434994718,19.934475649830972,6180.71999999985,0,0,0
Forecast planner,674,87.8767282812472,0,24.487740270931457,60,3.3889880103157424,19.041398893530975,6160.67999999985,0,0,0
Forecast planner,675,87.26602282038834,0,33.796398527970915,48,5.469624292417421,17.60002633441215,6143.63999999985,0,0,0
Forecast planner,676,87.80203810513333,0,28.619674013057136,59,0.18236409207619886,17.55196917654636,6123.84999999985,0,0,0
Forecast planner,677,86.94306054795881,0,42.78769524258456,46,-1.8446346946257535,17.98946270799535,6107.30999999985,0,0,0
Forecast planner,678,85.63351246033488,23.809293889460182,70.67575697471278,0,-8.851538403838077,20.08878936943882,6107.30999999985,0,0,0
Forecast planner,679,90.52587438340296,48.39404254883427,90,0,-47.868168165431314,31.44172228114332,6107.30999999985,0,0,0
Forecast planner,680,90.09365682118646,70.91879985925596,90,0,-70.8251430380695,48.23937985170711,6107.30999999985,0,0,0
Forecast planner,681,89.63647174095141,90.48628911449258,90,0,-90.84981737354119,69.78630594501159,6107.30999999985,0,0,0
Forecast planner,682,91.3489997961542,99.53162541183029,90,0,-98.1826256156761,93.07236021509621,6107.30999999985,0,0,0
Forecast planner,683,90.97253505764763,109.62197005500805,90,0,-8.127642971537377,95,6107.30999999985,0,0,100.52179202582303
Forecast planner,684,91.56446427849772,110.52992994266756,90,0,0,95,6107.30999999985,0,0,108.96546566416984
Forecast planner,685,90.56805010454056,111.29816860274751,90,0,0,95,6107.30999999985,0,0,110.73011849820696
Forecast planner,686,92.50130972110333,96.4693865584005,76.24578556506579,0,0,95,6107.30999999985,0,0,80.21386240236296
Forecast planner,687,92.20351952997319,84.55322132419242,86.95524093736447,0,0,95,6107.30999999985,0,0,79.30494273158368
Forecast planner,688,92.34335822137234,67.10122864598829,86.77652534462291,0,0,95,6107.30999999985,0,0,61.53439576923887
Forecast planner,689,92.49214828498157,46.45333547820289,86.32382521954021,0,0,95,6107.30999999985,0,0,40.285012412761546
Forecast planner,690,92.23191054498257,24.032304054947918,90,0,0,95,6107.30999999985,0,0,21.800393509965346
Forecast planner,691,93.95966394054597,1.2451941952252353e-14,58.75377578560964,0,35.20588815493631,85.72243386510486,6107.30999999985,0,0,0
Forecast planner,692,93.31015029512972,0,75.57573208216563,0,17.734418212964087,81.0490043208599,6107.30999999985,0,0,0
Forecast planner,693,91.85200678515037,0,90,0,1.8520067851503654,80.56095768059646,6107.30999999985,0,0,0
Forecast planner,694,92.55219287420215,0,90,0,2.5521928742021487,79.88839580471893,6107.30999999985,0,0,0
Forecast planner,695,88.01166528352928,0,67.82685438334897,0,20.18481090018031,74.56923108935531,6107.30999999985,0,0,0
Forecast planner,696,89.31707190996079,0,44.93148187627019,0,44.3855900336906,62.872601106277635,6107.30999999985,0,0,0
Forecast planner,697,89.18644893976159,0,49.092453196385435,0,40.093995743376155,52.30690551909727,6107.30999999985,0,0,0
Forecast planner,698,89.33132913960671,0,48.45597012630943,48,-7.12464098670273,53.996662496270034,6090.26999999985,0,0,0
Forecast planner,699,89.33880988921189,0,50.19263297287204,48,-8.85382308366016,56.09653101711065,6073.22999999985,0,0,0
Forecast planner,700,90.58911098434359,0,32.287260727233694,60,-1.6981497428901093,56.49928259177781,6053.18999999985,0,0,0
Forecast planner,701,90.09825520173905,0,40.822268787637036,59,-9.724013585897978,58.805534911517235,6033.3999999998505,0,0,0
Forecast planner,702,90.55833364624507,20.491872887572118,35.3774463783278,0,34.68901438034516,49.6641769758318,6033.3999999998505,0,0,0
Forecast planner,703,95.87184352952252,41.03471939825433,47.612375745690905,0,7.224748385577286,47.76028860749442,6033.3999999998505,0,0,0
Forecast planner,704,96.86427707425486,56.71203619921966,33.596155065734294,0,6.556085809300896,46.03260829975282,6033.3999999998505,0,0,0
Forecast planner,705,97.82865387274413,68.36900255004906,22.896839160512734,0,6.562812162182325,44.30315544239028,6033.3999999998505,0,0,0
Forecast planner,706,96.50328202710676,83.11559004279948,41.303031098451804,0,-27.91533911414453,50.923859436641564,6033.3999999998505,0,0,0
Forecast planner,707,95.13368535834283,94.77501833086278,68.48623525674104,0,-68.12756822926099,67.08173096561575,6033.3999999998505,0,0,0
Forecast planner,708,94.65436750383638,98.93965391076907,81.35144370892765,0,-85.63673011586032,87.39226485575978,6033.3999999998505,0,0,0
Forecast planner,709,95.20335895545281,94.50592736658902,69.98133732173449,0,-32.07702785481163,95,6033.3999999998505,0,0,37.20687787805906
Forecast planner,710,96.23669737897461,83.95095643200122,50.4103167684632,0,0,95,6033.3999999998505,0,0,38.1245758214898
Forecast planner,711,95.72178801370774,74.30075162283427,61.418506097597685,0,0,95,6033.3999999998505,0,0,39.99746970672422
Forecast planner,712,95.57527014682479,59.57691601432943,65.59707236544459,0,0,95,6033.3999999998505,0,0,29.598718232949224
Forecast planner,713,95.4131979783728,41.70905223508203,70.20489256063038,0,0,95,6033.3999999998505,0,0,16.500746817339603
Forecast planner,714,95.82993881825493,21.052582870177737,62.1568400151417,0,12.62051593293549,91.67420203378991,6033.3999999998505,0,0,0
Forecast planner,715,96.40052137024257,1.1332115168858485e-14,51.78922316209889,0,44.611298208143666,79.91809272422971,6033.3999999998505,0,0,0
Forecast planner,716,95.46832686378494,0,71.56793827688387,0,23.900388586901073,73.619787316088,6033.3999999998505,0,0,0
Forecast planner,717,96.22657839605816,0,56.24180813178955,0,39.98477026426861,63.082875169949524,6033.3999999998505,0,0,0
Forecast planner,718,96.3356264381568,0,54.61145707042929,0,41.724169367727505,52.087591113228996,6033.3999999998505,0,0,0
Forecast planner,719,91.0003556772429,0,43.25440437464614,0,47.74595130259675,39.50542818258823,6033.3999999998505,0,0,0